-- phpMyAdmin SQL Dump
-- version 5.1.3
-- https://www.phpmyadmin.net/
--
-- Hôte : 127.0.0.1
-- Généré le : jeu. 28 nov. 2024 à 09:09
-- Version du serveur : 10.4.24-MariaDB
-- Version de PHP : 7.4.29

SET SQL_MODE = "NO_AUTO_VALUE_ON_ZERO";
START TRANSACTION;
SET time_zone = "+00:00";


/*!40101 SET @OLD_CHARACTER_SET_CLIENT=@@CHARACTER_SET_CLIENT */;
/*!40101 SET @OLD_CHARACTER_SET_RESULTS=@@CHARACTER_SET_RESULTS */;
/*!40101 SET @OLD_COLLATION_CONNECTION=@@COLLATION_CONNECTION */;
/*!40101 SET NAMES utf8mb4 */;

--
-- Base de données : `marieteam`
--

-- --------------------------------------------------------

--
-- Structure de la table `admin`
--

CREATE TABLE `admin` (
  `idAdmin` int(11) NOT NULL,
  `nom` varchar(255) DEFAULT NULL,
  `prenom` varchar(255) DEFAULT NULL,
  `email` varchar(255) NOT NULL,
  `password` varchar(255) NOT NULL
) ENGINE=InnoDB DEFAULT CHARSET=utf8mb4;

-- --------------------------------------------------------

--
-- Structure de la table `bateau`
--

CREATE TABLE `bateau` (
  `idBat` int(11) NOT NULL,
  `nomBat` varchar(255) DEFAULT NULL
) ENGINE=InnoDB DEFAULT CHARSET=utf8mb4;

--
-- Déchargement des données de la table `bateau`
--

INSERT INTO `bateau` (`idBat`, `nomBat`) VALUES
(1, 'MS Stena Adventurer'),
(2, 'MS Finnstar'),
(3, 'Pride of Hull'),
(4, 'MS Moby Wonder'),
(5, 'HSC Francisco'),
(6, 'MV Ulysses'),
(7, 'MS Baltivia'),
(8, 'Aurelia Express'),
(9, 'MS Regalia'),
(10, 'MV Spirit of France'),
(11, 'Spirit of Tasmania I'),
(12, 'MS Diana'),
(13, 'Blue Star Patmos'),
(14, 'MS Kong Harald'),
(15, 'Nils Holgersson'),
(16, 'GNV Allegra'),
(17, 'Stena Line Superfast X'),
(18, 'Moby Aki'),
(19, 'Lindsay II'),
(20, 'Tirrenia Nuraghes');

-- --------------------------------------------------------

--
-- Structure de la table `categorie`
--

CREATE TABLE `categorie` (
  `lettre` char(1) NOT NULL,
  `libelleCat` varchar(255) DEFAULT NULL
) ENGINE=InnoDB DEFAULT CHARSET=utf8mb4;

--
-- Déchargement des données de la table `categorie`
--

INSERT INTO `categorie` (`lettre`, `libelleCat`) VALUES
('P', 'Passager'),
('V', 'Véhicule');

-- --------------------------------------------------------

--
-- Structure de la table `contenir`
--

CREATE TABLE `contenir` (
  `lettre` char(1) NOT NULL,
  `idBat` int(11) NOT NULL,
  `capaciteMax` int(11) DEFAULT NULL
) ENGINE=InnoDB DEFAULT CHARSET=utf8mb4;

--
-- Déchargement des données de la table `contenir`
--

INSERT INTO `contenir` (`lettre`, `idBat`, `capaciteMax`) VALUES
('P', 1, 1200),
('P', 2, 2000),
('P', 3, 1200),
('P', 4, 1500),
('P', 5, 500),
('P', 6, 1400),
('P', 7, 1000),
('P', 8, 1500),
('P', 9, 1200),
('P', 10, 1800),
('P', 11, 800),
('P', 12, 1000),
('P', 13, 800),
('P', 14, 1000),
('P', 15, 900),
('P', 16, 600),
('P', 17, 1200),
('P', 18, 1000),
('P', 19, 1500),
('P', 20, 1200),
('V', 1, 200),
('V', 2, 450),
('V', 3, 250),
('V', 4, 300),
('V', 6, 500),
('V', 8, 350),
('V', 10, 400),
('V', 11, 250),
('V', 13, 200),
('V', 14, 300),
('V', 15, 150),
('V', 17, 350),
('V', 18, 300),
('V', 20, 250);

-- --------------------------------------------------------

--
-- Structure de la table `enregistrer`
--

CREATE TABLE `enregistrer` (
  `idType` int(11) NOT NULL,
  `numRes` int(11) NOT NULL,
  `quantite` int(11) DEFAULT NULL
) ENGINE=InnoDB DEFAULT CHARSET=utf8mb4;

-- --------------------------------------------------------

--
-- Structure de la table `liaison`
--

CREATE TABLE `liaison` (
  `code` int(11) NOT NULL,
  `distance` float DEFAULT NULL,
  `idSecteur` int(11) DEFAULT NULL,
  `idPort_Depart` int(11) DEFAULT NULL,
  `idPort_Arrivee` int(11) DEFAULT NULL,
  `tempsLiaison` time DEFAULT NULL
) ENGINE=InnoDB DEFAULT CHARSET=utf8mb4;

--
-- Déchargement des données de la table `liaison`
--

INSERT INTO `liaison` (`code`, `distance`, `idSecteur`, `idPort_Depart`, `idPort_Arrivee`, `tempsLiaison`) VALUES
(1, 250.5, 1, 1, 2, '04:30:19'),
(2, 250.5, 1, 2, 1, '04:30:19'),
(3, 320.7, 2, 3, 4, '05:46:04'),
(4, 320.7, 2, 4, 3, '05:46:04'),
(5, 150.3, 3, 5, 6, '02:42:11'),
(6, 150.3, 3, 6, 5, '02:42:11'),
(7, 120.5, 4, 20, 21, '02:10:02'),
(8, 120.5, 4, 21, 20, '02:10:02'),
(9, 450.2, 1, 7, 10, '08:05:49'),
(10, 450.2, 1, 10, 7, '08:05:49'),
(11, 380.1, 3, 9, 12, '06:50:10'),
(12, 380.1, 3, 12, 9, '06:50:10'),
(13, 130.4, 2, 14, 15, '02:20:43'),
(14, 130.4, 2, 15, 14, '02:20:43'),
(15, 550, 4, 18, 19, '09:53:31'),
(16, 550, 4, 19, 18, '09:53:31'),
(17, 410.6, 2, 25, 27, '07:23:05'),
(18, 410.6, 2, 27, 25, '07:23:05'),
(19, 100, 1, 16, 17, '01:47:54'),
(20, 100, 1, 17, 16, '01:47:54'),
(21, 200.5, 1, 3, 5, '03:36:22'),
(22, 200.5, 1, 5, 3, '03:36:22'),
(23, 180.3, 3, 8, 9, '03:14:34'),
(24, 180.3, 3, 9, 8, '03:14:34'),
(25, 230.2, 2, 11, 13, '04:08:25'),
(26, 230.2, 2, 13, 11, '04:08:25'),
(27, 400, 2, 6, 7, '07:11:39'),
(28, 400, 2, 7, 6, '07:11:39'),
(29, 120, 1, 14, 20, '02:09:29'),
(30, 120, 1, 20, 14, '02:09:29'),
(31, 450.3, 3, 8, 12, '08:05:56'),
(32, 450.3, 3, 12, 8, '08:05:56'),
(33, 330, 1, 5, 2, '05:56:06'),
(34, 330, 1, 2, 5, '05:56:06'),
(35, 370.5, 4, 16, 17, '06:39:49'),
(36, 370.5, 4, 17, 16, '06:39:49'),
(37, 500.2, 2, 15, 21, '08:59:47'),
(38, 500.2, 2, 21, 15, '08:59:47'),
(39, 600, 4, 18, 22, '10:47:28'),
(40, 600, 4, 22, 18, '10:47:28'),
(41, 350.5, 3, 23, 24, '06:18:14'),
(42, 350.5, 3, 24, 23, '06:18:14'),
(43, 420.3, 2, 13, 14, '07:33:33'),
(44, 420.3, 2, 14, 13, '07:33:33'),
(45, 300.4, 1, 6, 8, '05:24:10'),
(46, 300.4, 1, 8, 6, '05:24:10'),
(47, 250.7, 2, 11, 19, '04:30:32'),
(48, 250.7, 2, 19, 11, '04:30:32'),
(49, 100.3, 4, 16, 20, '01:48:14'),
(50, 100.3, 4, 20, 16, '01:48:14'),
(51, 350, 2, 25, 18, '06:17:41'),
(52, 350, 2, 18, 25, '06:17:41'),
(53, 520.4, 1, 7, 9, '09:21:34'),
(54, 520.4, 1, 9, 7, '09:21:34'),
(55, 280.2, 3, 4, 6, '05:02:22'),
(56, 280.2, 3, 6, 4, '05:02:22'),
(57, 300, 4, 19, 16, '05:23:44'),
(58, 300, 4, 16, 19, '05:23:44'),
(59, 390.4, 1, 1, 6, '07:01:17'),
(60, 390.4, 1, 6, 1, '07:01:17'),
(61, 310.2, 2, 3, 12, '05:34:44'),
(62, 310.2, 2, 12, 3, '05:34:44'),
(63, 500.3, 3, 9, 5, '08:59:53'),
(64, 500.3, 3, 5, 9, '08:59:53'),
(65, 380.1, 4, 14, 15, '06:50:10'),
(66, 380.1, 4, 15, 14, '06:50:10'),
(67, 510, 2, 2, 5, '09:10:21'),
(68, 510, 2, 5, 2, '09:10:21'),
(69, 400.6, 3, 10, 11, '07:12:18'),
(70, 400.6, 3, 11, 10, '07:12:18'),
(71, 220.3, 1, 4, 7, '03:57:44'),
(72, 220.3, 1, 7, 4, '03:57:44'),
(73, 500.8, 4, 6, 23, '09:00:25'),
(74, 500.8, 4, 23, 6, '09:00:25'),
(75, 450.1, 2, 16, 9, '08:05:43'),
(76, 450.1, 2, 9, 16, '08:05:43'),
(77, 290.5, 3, 13, 18, '05:13:29'),
(78, 290.5, 3, 18, 13, '05:13:29'),
(79, 380, 2, 4, 17, '06:50:04'),
(80, 380, 2, 17, 4, '06:50:04'),
(81, 320.2, 1, 6, 16, '05:45:32'),
(82, 320.2, 1, 16, 6, '05:45:32'),
(83, 290.3, 1, 19, 21, '05:13:16'),
(84, 290.3, 1, 21, 19, '05:13:16'),
(85, 500.5, 2, 18, 12, '09:00:06'),
(86, 500.5, 2, 12, 18, '09:00:06'),
(87, 600.4, 3, 20, 3, '10:47:54'),
(88, 600.4, 3, 3, 20, '10:47:54'),
(89, 220.2, 4, 7, 23, '03:57:37'),
(90, 220.2, 4, 23, 7, '03:57:37'),
(91, 400.1, 2, 4, 8, '07:11:45'),
(92, 400.1, 2, 8, 4, '07:11:45'),
(93, 480.7, 1, 14, 21, '08:38:44'),
(94, 480.7, 1, 21, 14, '08:38:44'),
(95, 320.6, 4, 5, 9, '05:45:58'),
(96, 320.6, 4, 9, 5, '05:45:58'),
(97, 550.3, 2, 16, 23, '09:53:50'),
(98, 550.3, 2, 23, 16, '09:53:50'),
(99, 510.2, 3, 2, 17, '09:10:34'),
(100, 510.2, 3, 17, 2, '09:10:34'),
(101, 320.4, 1, 12, 20, '05:45:45'),
(102, 320.4, 1, 20, 12, '05:45:45'),
(103, 380.8, 4, 9, 18, '06:50:56'),
(104, 380.8, 4, 18, 9, '06:50:56'),
(105, 450.2, 2, 1, 3, '08:05:49'),
(106, 450.2, 2, 3, 1, '08:05:49'),
(107, 360.7, 3, 16, 12, '06:29:14'),
(108, 360.7, 3, 12, 16, '06:29:14'),
(109, 410, 1, 15, 18, '07:22:26'),
(110, 410, 1, 18, 15, '07:22:26'),
(111, 500.7, 4, 2, 18, '09:00:19'),
(112, 500.7, 4, 18, 2, '09:00:19'),
(113, 520.4, 3, 10, 14, '09:21:34'),
(114, 520.4, 3, 14, 10, '09:21:34'),
(115, 420.6, 2, 17, 21, '07:33:53'),
(116, 420.6, 2, 21, 17, '07:33:53'),
(117, 250.2, 1, 6, 9, '04:29:59'),
(118, 250.2, 1, 9, 6, '04:29:59'),
(119, 530.5, 4, 7, 19, '09:32:28'),
(120, 530.5, 4, 19, 7, '09:32:28'),
(121, 600.1, 2, 14, 16, '10:47:35'),
(122, 600.1, 2, 16, 14, '10:47:35'),
(123, 500.2, 3, 20, 9, '08:59:47'),
(124, 500.2, 3, 9, 20, '08:59:47'),
(125, 330.5, 1, 12, 6, '05:56:39'),
(126, 330.5, 1, 6, 12, '05:56:39');

-- --------------------------------------------------------

--
-- Structure de la table `periode`
--

CREATE TABLE `periode` (
  `dateDeb` date NOT NULL,
  `dateFin` date DEFAULT NULL
) ENGINE=InnoDB DEFAULT CHARSET=utf8mb4;

--
-- Déchargement des données de la table `periode`
--

INSERT INTO `periode` (`dateDeb`, `dateFin`) VALUES
('2024-06-01', '2024-12-31'),
('2025-01-01', '2025-05-31'),
('2025-06-01', '2025-12-31');

-- --------------------------------------------------------

--
-- Structure de la table `port`
--

CREATE TABLE `port` (
  `idPort` int(11) NOT NULL,
  `nomPort` varchar(255) DEFAULT NULL
) ENGINE=InnoDB DEFAULT CHARSET=utf8mb4;

--
-- Déchargement des données de la table `port`
--

INSERT INTO `port` (`idPort`, `nomPort`) VALUES
(1, 'Marseille'),
(2, 'Le Havre'),
(3, 'Nantes'),
(4, 'Bordeaux'),
(5, 'Lorient'),
(6, 'Brest'),
(7, 'Saint-Nazaire'),
(8, 'Dunkerque'),
(9, 'Rouen'),
(10, 'Calais'),
(11, 'La Rochelle'),
(12, 'Cherbourg'),
(13, 'Toulon'),
(14, 'Nice'),
(15, 'Boulogne-sur-Mer'),
(16, 'Sète'),
(17, 'Dieppe'),
(18, 'Caen'),
(19, 'Saint-Malo'),
(20, 'Ajaccio'),
(21, 'Bastia'),
(22, 'Porto-Vecchio'),
(23, 'Bonifacio'),
(24, 'Quiberon'),
(25, 'Port-Vendres'),
(26, 'Roscoff'),
(27, 'Les Sables-d\'Olonne'),
(28, 'Pornic'),
(29, 'Bayonne'),
(30, 'Villefranche-sur-Mer'),
(31, 'Port-Saint-Louis-du-Rhône'),
(32, 'Concarneau'),
(33, 'Granville'),
(34, 'Fécamp'),
(35, 'Cannes'),
(36, 'La Ciotat'),
(37, 'Saint-Tropez'),
(38, 'Arcachon'),
(39, 'Vannes'),
(40, 'Saint-Raphaël');

-- --------------------------------------------------------

--
-- Structure de la table `reservation`
--

CREATE TABLE `reservation` (
  `numRes` int(11) NOT NULL,
  `nomRes` varchar(255) DEFAULT NULL,
  `adresse` varchar(255) DEFAULT NULL,
  `codePostal` varchar(5) DEFAULT NULL,
  `ville` varchar(255) DEFAULT NULL,
  `numTra` int(11) DEFAULT NULL
) ENGINE=InnoDB DEFAULT CHARSET=utf8mb4;

--
-- Déclencheurs `reservation`
--
DELIMITER $$
CREATE TRIGGER `PlusDePlace` BEFORE INSERT ON `reservation` FOR EACH ROW BEGIN
    DECLARE capaciteBateau INT;
    DECLARE nombreReservations INT;

    -- Récupérer la capacité maximale du bateau lié à la traversée
    SELECT contenir.capaciteMax 
    INTO capaciteBateau
    FROM contenir
    JOIN bateau ON contenir.idBat = bateau.idBat
    JOIN traversee ON traversee.idBat = bateau.idBat
    WHERE traversee.numTra = NEW.numTra;

    -- Compter le nombre de réservations existantes pour la traversée
    SELECT COUNT(*) 
    INTO nombreReservations
    FROM reservation
    WHERE reservation.numTra = NEW.numTra;

    -- Vérifier si la capacité est dépassée
    IF (nombreReservations >= capaciteBateau) THEN
        SIGNAL SQLSTATE '45000'
        SET MESSAGE_TEXT = 'Il n''y a plus de places disponibles sur le bateau sélectionné.';
    END IF;
END
$$
DELIMITER ;

-- --------------------------------------------------------

--
-- Structure de la table `secteur`
--

CREATE TABLE `secteur` (
  `idSecteur` int(11) NOT NULL,
  `nomSecteur` varchar(255) DEFAULT NULL
) ENGINE=InnoDB DEFAULT CHARSET=utf8mb4;

--
-- Déchargement des données de la table `secteur`
--

INSERT INTO `secteur` (`idSecteur`, `nomSecteur`) VALUES
(1, 'Méditerranée'),
(2, 'Atlantique'),
(3, 'Manche'),
(4, 'Corse');

-- --------------------------------------------------------

--
-- Structure de la table `tarifer`
--

CREATE TABLE `tarifer` (
  `dateDeb` date NOT NULL,
  `idType` int(11) NOT NULL,
  `code` int(11) NOT NULL,
  `tarif` float DEFAULT NULL
) ENGINE=InnoDB DEFAULT CHARSET=utf8mb4;

--
-- Déchargement des données de la table `tarifer`
--

INSERT INTO `tarifer` (`dateDeb`, `idType`, `code`, `tarif`) VALUES
('2024-06-01', 1, 1, 93.6),
('2024-06-01', 1, 2, 93.6),
('2024-06-01', 1, 3, 93.6),
('2024-06-01', 1, 4, 93.6),
('2024-06-01', 1, 5, 93.6),
('2024-06-01', 1, 6, 93.6),
('2024-06-01', 1, 7, 93.6),
('2024-06-01', 1, 8, 93.6),
('2024-06-01', 1, 9, 93.6),
('2024-06-01', 1, 10, 93.6),
('2024-06-01', 1, 11, 93.6),
('2024-06-01', 1, 12, 93.6),
('2024-06-01', 1, 13, 93.6),
('2024-06-01', 1, 14, 93.6),
('2024-06-01', 1, 15, 93.6),
('2024-06-01', 1, 16, 93.6),
('2024-06-01', 1, 17, 93.6),
('2024-06-01', 1, 18, 93.6),
('2024-06-01', 1, 19, 93.6),
('2024-06-01', 1, 20, 93.6),
('2024-06-01', 1, 21, 93.6),
('2024-06-01', 1, 22, 93.6),
('2024-06-01', 1, 23, 93.6),
('2024-06-01', 1, 24, 93.6),
('2024-06-01', 1, 25, 93.6),
('2024-06-01', 1, 26, 93.6),
('2024-06-01', 1, 27, 93.6),
('2024-06-01', 1, 28, 93.6),
('2024-06-01', 1, 29, 93.6),
('2024-06-01', 1, 30, 93.6),
('2024-06-01', 1, 31, 93.6),
('2024-06-01', 1, 32, 93.6),
('2024-06-01', 1, 33, 93.6),
('2024-06-01', 1, 34, 93.6),
('2024-06-01', 1, 35, 93.6),
('2024-06-01', 1, 36, 93.6),
('2024-06-01', 1, 37, 93.6),
('2024-06-01', 1, 38, 93.6),
('2024-06-01', 1, 39, 93.6),
('2024-06-01', 1, 40, 93.6),
('2024-06-01', 1, 41, 93.6),
('2024-06-01', 1, 42, 93.6),
('2024-06-01', 1, 43, 93.6),
('2024-06-01', 1, 44, 93.6),
('2024-06-01', 1, 45, 93.6),
('2024-06-01', 1, 46, 93.6),
('2024-06-01', 1, 47, 93.6),
('2024-06-01', 1, 48, 93.6),
('2024-06-01', 1, 49, 93.6),
('2024-06-01', 1, 50, 93.6),
('2024-06-01', 1, 51, 93.6),
('2024-06-01', 1, 52, 93.6),
('2024-06-01', 1, 53, 93.6),
('2024-06-01', 1, 54, 93.6),
('2024-06-01', 1, 55, 93.6),
('2024-06-01', 1, 56, 93.6),
('2024-06-01', 1, 57, 93.6),
('2024-06-01', 1, 58, 93.6),
('2024-06-01', 1, 59, 93.6),
('2024-06-01', 1, 60, 93.6),
('2024-06-01', 1, 61, 93.6),
('2024-06-01', 1, 62, 93.6),
('2024-06-01', 1, 63, 93.6),
('2024-06-01', 1, 64, 93.6),
('2024-06-01', 1, 65, 93.6),
('2024-06-01', 1, 66, 93.6),
('2024-06-01', 1, 67, 93.6),
('2024-06-01', 1, 68, 93.6),
('2024-06-01', 1, 69, 93.6),
('2024-06-01', 1, 70, 93.6),
('2024-06-01', 1, 71, 93.6),
('2024-06-01', 1, 72, 93.6),
('2024-06-01', 1, 73, 93.6),
('2024-06-01', 1, 74, 93.6),
('2024-06-01', 1, 75, 93.6),
('2024-06-01', 1, 76, 93.6),
('2024-06-01', 1, 77, 93.6),
('2024-06-01', 1, 78, 93.6),
('2024-06-01', 1, 79, 93.6),
('2024-06-01', 1, 80, 93.6),
('2024-06-01', 1, 81, 93.6),
('2024-06-01', 1, 82, 93.6),
('2024-06-01', 1, 83, 93.6),
('2024-06-01', 1, 84, 93.6),
('2024-06-01', 1, 85, 93.6),
('2024-06-01', 1, 86, 93.6),
('2024-06-01', 1, 87, 93.6),
('2024-06-01', 1, 88, 93.6),
('2024-06-01', 1, 89, 93.6),
('2024-06-01', 1, 90, 93.6),
('2024-06-01', 1, 91, 93.6),
('2024-06-01', 1, 92, 93.6),
('2024-06-01', 1, 93, 93.6),
('2024-06-01', 1, 94, 93.6),
('2024-06-01', 1, 95, 93.6),
('2024-06-01', 1, 96, 93.6),
('2024-06-01', 1, 97, 93.6),
('2024-06-01', 1, 98, 93.6),
('2024-06-01', 1, 99, 93.6),
('2024-06-01', 1, 100, 93.6),
('2024-06-01', 1, 101, 93.6),
('2024-06-01', 1, 102, 93.6),
('2024-06-01', 1, 103, 93.6),
('2024-06-01', 1, 104, 93.6),
('2024-06-01', 1, 105, 93.6),
('2024-06-01', 1, 106, 93.6),
('2024-06-01', 1, 107, 93.6),
('2024-06-01', 1, 108, 93.6),
('2024-06-01', 1, 109, 93.6),
('2024-06-01', 1, 110, 93.6),
('2024-06-01', 1, 111, 93.6),
('2024-06-01', 1, 112, 93.6),
('2024-06-01', 1, 113, 93.6),
('2024-06-01', 1, 114, 93.6),
('2024-06-01', 1, 115, 93.6),
('2024-06-01', 1, 116, 93.6),
('2024-06-01', 1, 117, 93.6),
('2024-06-01', 1, 118, 93.6),
('2024-06-01', 1, 119, 93.6),
('2024-06-01', 1, 120, 93.6),
('2024-06-01', 1, 121, 93.6),
('2024-06-01', 1, 122, 93.6),
('2024-06-01', 1, 123, 93.6),
('2024-06-01', 1, 124, 93.6),
('2024-06-01', 1, 125, 93.6),
('2024-06-01', 1, 126, 93.6),
('2024-06-01', 2, 1, 78),
('2024-06-01', 2, 2, 78),
('2024-06-01', 2, 3, 78),
('2024-06-01', 2, 4, 78),
('2024-06-01', 2, 5, 78),
('2024-06-01', 2, 6, 78),
('2024-06-01', 2, 7, 78),
('2024-06-01', 2, 8, 78),
('2024-06-01', 2, 9, 78),
('2024-06-01', 2, 10, 78),
('2024-06-01', 2, 11, 78),
('2024-06-01', 2, 12, 78),
('2024-06-01', 2, 13, 78),
('2024-06-01', 2, 14, 78),
('2024-06-01', 2, 15, 78),
('2024-06-01', 2, 16, 78),
('2024-06-01', 2, 17, 78),
('2024-06-01', 2, 18, 78),
('2024-06-01', 2, 19, 78),
('2024-06-01', 2, 20, 78),
('2024-06-01', 2, 21, 78),
('2024-06-01', 2, 22, 78),
('2024-06-01', 2, 23, 78),
('2024-06-01', 2, 24, 78),
('2024-06-01', 2, 25, 78),
('2024-06-01', 2, 26, 78),
('2024-06-01', 2, 27, 78),
('2024-06-01', 2, 28, 78),
('2024-06-01', 2, 29, 78),
('2024-06-01', 2, 30, 78),
('2024-06-01', 2, 31, 78),
('2024-06-01', 2, 32, 78),
('2024-06-01', 2, 33, 78),
('2024-06-01', 2, 34, 78),
('2024-06-01', 2, 35, 78),
('2024-06-01', 2, 36, 78),
('2024-06-01', 2, 37, 78),
('2024-06-01', 2, 38, 78),
('2024-06-01', 2, 39, 78),
('2024-06-01', 2, 40, 78),
('2024-06-01', 2, 41, 78),
('2024-06-01', 2, 42, 78),
('2024-06-01', 2, 43, 78),
('2024-06-01', 2, 44, 78),
('2024-06-01', 2, 45, 78),
('2024-06-01', 2, 46, 78),
('2024-06-01', 2, 47, 78),
('2024-06-01', 2, 48, 78),
('2024-06-01', 2, 49, 78),
('2024-06-01', 2, 50, 78),
('2024-06-01', 2, 51, 78),
('2024-06-01', 2, 52, 78),
('2024-06-01', 2, 53, 78),
('2024-06-01', 2, 54, 78),
('2024-06-01', 2, 55, 78),
('2024-06-01', 2, 56, 78),
('2024-06-01', 2, 57, 78),
('2024-06-01', 2, 58, 78),
('2024-06-01', 2, 59, 78),
('2024-06-01', 2, 60, 78),
('2024-06-01', 2, 61, 78),
('2024-06-01', 2, 62, 78),
('2024-06-01', 2, 63, 78),
('2024-06-01', 2, 64, 78),
('2024-06-01', 2, 65, 78),
('2024-06-01', 2, 66, 78),
('2024-06-01', 2, 67, 78),
('2024-06-01', 2, 68, 78),
('2024-06-01', 2, 69, 78),
('2024-06-01', 2, 70, 78),
('2024-06-01', 2, 71, 78),
('2024-06-01', 2, 72, 78),
('2024-06-01', 2, 73, 78),
('2024-06-01', 2, 74, 78),
('2024-06-01', 2, 75, 78),
('2024-06-01', 2, 76, 78),
('2024-06-01', 2, 77, 78),
('2024-06-01', 2, 78, 78),
('2024-06-01', 2, 79, 78),
('2024-06-01', 2, 80, 78),
('2024-06-01', 2, 81, 78),
('2024-06-01', 2, 82, 78),
('2024-06-01', 2, 83, 78),
('2024-06-01', 2, 84, 78),
('2024-06-01', 2, 85, 78),
('2024-06-01', 2, 86, 78),
('2024-06-01', 2, 87, 78),
('2024-06-01', 2, 88, 78),
('2024-06-01', 2, 89, 78),
('2024-06-01', 2, 90, 78),
('2024-06-01', 2, 91, 78),
('2024-06-01', 2, 92, 78),
('2024-06-01', 2, 93, 78),
('2024-06-01', 2, 94, 78),
('2024-06-01', 2, 95, 78),
('2024-06-01', 2, 96, 78),
('2024-06-01', 2, 97, 78),
('2024-06-01', 2, 98, 78),
('2024-06-01', 2, 99, 78),
('2024-06-01', 2, 100, 78),
('2024-06-01', 2, 101, 78),
('2024-06-01', 2, 102, 78),
('2024-06-01', 2, 103, 78),
('2024-06-01', 2, 104, 78),
('2024-06-01', 2, 105, 78),
('2024-06-01', 2, 106, 78),
('2024-06-01', 2, 107, 78),
('2024-06-01', 2, 108, 78),
('2024-06-01', 2, 109, 78),
('2024-06-01', 2, 110, 78),
('2024-06-01', 2, 111, 78),
('2024-06-01', 2, 112, 78),
('2024-06-01', 2, 113, 78),
('2024-06-01', 2, 114, 78),
('2024-06-01', 2, 115, 78),
('2024-06-01', 2, 116, 78),
('2024-06-01', 2, 117, 78),
('2024-06-01', 2, 118, 78),
('2024-06-01', 2, 119, 78),
('2024-06-01', 2, 120, 78),
('2024-06-01', 2, 121, 78),
('2024-06-01', 2, 122, 78),
('2024-06-01', 2, 123, 78),
('2024-06-01', 2, 124, 78),
('2024-06-01', 2, 125, 78),
('2024-06-01', 2, 126, 78),
('2024-06-01', 3, 1, 85.8),
('2024-06-01', 3, 2, 85.8),
('2024-06-01', 3, 3, 85.8),
('2024-06-01', 3, 4, 85.8),
('2024-06-01', 3, 5, 85.8),
('2024-06-01', 3, 6, 85.8),
('2024-06-01', 3, 7, 85.8),
('2024-06-01', 3, 8, 85.8),
('2024-06-01', 3, 9, 85.8),
('2024-06-01', 3, 10, 85.8),
('2024-06-01', 3, 11, 85.8),
('2024-06-01', 3, 12, 85.8),
('2024-06-01', 3, 13, 85.8),
('2024-06-01', 3, 14, 85.8),
('2024-06-01', 3, 15, 85.8),
('2024-06-01', 3, 16, 85.8),
('2024-06-01', 3, 17, 85.8),
('2024-06-01', 3, 18, 85.8),
('2024-06-01', 3, 19, 85.8),
('2024-06-01', 3, 20, 85.8),
('2024-06-01', 3, 21, 85.8),
('2024-06-01', 3, 22, 85.8),
('2024-06-01', 3, 23, 85.8),
('2024-06-01', 3, 24, 85.8),
('2024-06-01', 3, 25, 85.8),
('2024-06-01', 3, 26, 85.8),
('2024-06-01', 3, 27, 85.8),
('2024-06-01', 3, 28, 85.8),
('2024-06-01', 3, 29, 85.8),
('2024-06-01', 3, 30, 85.8),
('2024-06-01', 3, 31, 85.8),
('2024-06-01', 3, 32, 85.8),
('2024-06-01', 3, 33, 85.8),
('2024-06-01', 3, 34, 85.8),
('2024-06-01', 3, 35, 85.8),
('2024-06-01', 3, 36, 85.8),
('2024-06-01', 3, 37, 85.8),
('2024-06-01', 3, 38, 85.8),
('2024-06-01', 3, 39, 85.8),
('2024-06-01', 3, 40, 85.8),
('2024-06-01', 3, 41, 85.8),
('2024-06-01', 3, 42, 85.8),
('2024-06-01', 3, 43, 85.8),
('2024-06-01', 3, 44, 85.8),
('2024-06-01', 3, 45, 85.8),
('2024-06-01', 3, 46, 85.8),
('2024-06-01', 3, 47, 85.8),
('2024-06-01', 3, 48, 85.8),
('2024-06-01', 3, 49, 85.8),
('2024-06-01', 3, 50, 85.8),
('2024-06-01', 3, 51, 85.8),
('2024-06-01', 3, 52, 85.8),
('2024-06-01', 3, 53, 85.8),
('2024-06-01', 3, 54, 85.8),
('2024-06-01', 3, 55, 85.8),
('2024-06-01', 3, 56, 85.8),
('2024-06-01', 3, 57, 85.8),
('2024-06-01', 3, 58, 85.8),
('2024-06-01', 3, 59, 85.8),
('2024-06-01', 3, 60, 85.8),
('2024-06-01', 3, 61, 85.8),
('2024-06-01', 3, 62, 85.8),
('2024-06-01', 3, 63, 85.8),
('2024-06-01', 3, 64, 85.8),
('2024-06-01', 3, 65, 85.8),
('2024-06-01', 3, 66, 85.8),
('2024-06-01', 3, 67, 85.8),
('2024-06-01', 3, 68, 85.8),
('2024-06-01', 3, 69, 85.8),
('2024-06-01', 3, 70, 85.8),
('2024-06-01', 3, 71, 85.8),
('2024-06-01', 3, 72, 85.8),
('2024-06-01', 3, 73, 85.8),
('2024-06-01', 3, 74, 85.8),
('2024-06-01', 3, 75, 85.8),
('2024-06-01', 3, 76, 85.8),
('2024-06-01', 3, 77, 85.8),
('2024-06-01', 3, 78, 85.8),
('2024-06-01', 3, 79, 85.8),
('2024-06-01', 3, 80, 85.8),
('2024-06-01', 3, 81, 85.8),
('2024-06-01', 3, 82, 85.8),
('2024-06-01', 3, 83, 85.8),
('2024-06-01', 3, 84, 85.8),
('2024-06-01', 3, 85, 85.8),
('2024-06-01', 3, 86, 85.8),
('2024-06-01', 3, 87, 85.8),
('2024-06-01', 3, 88, 85.8),
('2024-06-01', 3, 89, 85.8),
('2024-06-01', 3, 90, 85.8),
('2024-06-01', 3, 91, 85.8),
('2024-06-01', 3, 92, 85.8),
('2024-06-01', 3, 93, 85.8),
('2024-06-01', 3, 94, 85.8),
('2024-06-01', 3, 95, 85.8),
('2024-06-01', 3, 96, 85.8),
('2024-06-01', 3, 97, 85.8),
('2024-06-01', 3, 98, 85.8),
('2024-06-01', 3, 99, 85.8),
('2024-06-01', 3, 100, 85.8),
('2024-06-01', 3, 101, 85.8),
('2024-06-01', 3, 102, 85.8),
('2024-06-01', 3, 103, 85.8),
('2024-06-01', 3, 104, 85.8),
('2024-06-01', 3, 105, 85.8),
('2024-06-01', 3, 106, 85.8),
('2024-06-01', 3, 107, 85.8),
('2024-06-01', 3, 108, 85.8),
('2024-06-01', 3, 109, 85.8),
('2024-06-01', 3, 110, 85.8),
('2024-06-01', 3, 111, 85.8),
('2024-06-01', 3, 112, 85.8),
('2024-06-01', 3, 113, 85.8),
('2024-06-01', 3, 114, 85.8),
('2024-06-01', 3, 115, 85.8),
('2024-06-01', 3, 116, 85.8),
('2024-06-01', 3, 117, 85.8),
('2024-06-01', 3, 118, 85.8),
('2024-06-01', 3, 119, 85.8),
('2024-06-01', 3, 120, 85.8),
('2024-06-01', 3, 121, 85.8),
('2024-06-01', 3, 122, 85.8),
('2024-06-01', 3, 123, 85.8),
('2024-06-01', 3, 124, 85.8),
('2024-06-01', 3, 125, 85.8),
('2024-06-01', 3, 126, 85.8),
('2024-06-01', 4, 1, 117),
('2024-06-01', 4, 2, 117),
('2024-06-01', 4, 3, 117),
('2024-06-01', 4, 4, 117),
('2024-06-01', 4, 5, 117),
('2024-06-01', 4, 6, 117),
('2024-06-01', 4, 7, 117),
('2024-06-01', 4, 8, 117),
('2024-06-01', 4, 9, 117),
('2024-06-01', 4, 10, 117),
('2024-06-01', 4, 11, 117),
('2024-06-01', 4, 12, 117),
('2024-06-01', 4, 13, 117),
('2024-06-01', 4, 14, 117),
('2024-06-01', 4, 15, 117),
('2024-06-01', 4, 16, 117),
('2024-06-01', 4, 17, 117),
('2024-06-01', 4, 18, 117),
('2024-06-01', 4, 19, 117),
('2024-06-01', 4, 20, 117),
('2024-06-01', 4, 21, 117),
('2024-06-01', 4, 22, 117),
('2024-06-01', 4, 23, 117),
('2024-06-01', 4, 24, 117),
('2024-06-01', 4, 25, 117),
('2024-06-01', 4, 26, 117),
('2024-06-01', 4, 27, 117),
('2024-06-01', 4, 28, 117),
('2024-06-01', 4, 29, 117),
('2024-06-01', 4, 30, 117),
('2024-06-01', 4, 31, 117),
('2024-06-01', 4, 32, 117),
('2024-06-01', 4, 33, 117),
('2024-06-01', 4, 34, 117),
('2024-06-01', 4, 35, 117),
('2024-06-01', 4, 36, 117),
('2024-06-01', 4, 37, 117),
('2024-06-01', 4, 38, 117),
('2024-06-01', 4, 39, 117),
('2024-06-01', 4, 40, 117),
('2024-06-01', 4, 41, 117),
('2024-06-01', 4, 42, 117),
('2024-06-01', 4, 43, 117),
('2024-06-01', 4, 44, 117),
('2024-06-01', 4, 45, 117),
('2024-06-01', 4, 46, 117),
('2024-06-01', 4, 47, 117),
('2024-06-01', 4, 48, 117),
('2024-06-01', 4, 49, 117),
('2024-06-01', 4, 50, 117),
('2024-06-01', 4, 51, 117),
('2024-06-01', 4, 52, 117),
('2024-06-01', 4, 53, 117),
('2024-06-01', 4, 54, 117),
('2024-06-01', 4, 55, 117),
('2024-06-01', 4, 56, 117),
('2024-06-01', 4, 57, 117),
('2024-06-01', 4, 58, 117),
('2024-06-01', 4, 59, 117),
('2024-06-01', 4, 60, 117),
('2024-06-01', 4, 61, 117),
('2024-06-01', 4, 62, 117),
('2024-06-01', 4, 63, 117),
('2024-06-01', 4, 64, 117),
('2024-06-01', 4, 65, 117),
('2024-06-01', 4, 66, 117),
('2024-06-01', 4, 67, 117),
('2024-06-01', 4, 68, 117),
('2024-06-01', 4, 69, 117),
('2024-06-01', 4, 70, 117),
('2024-06-01', 4, 71, 117),
('2024-06-01', 4, 72, 117),
('2024-06-01', 4, 73, 117),
('2024-06-01', 4, 74, 117),
('2024-06-01', 4, 75, 117),
('2024-06-01', 4, 76, 117),
('2024-06-01', 4, 77, 117),
('2024-06-01', 4, 78, 117),
('2024-06-01', 4, 79, 117),
('2024-06-01', 4, 80, 117),
('2024-06-01', 4, 81, 117),
('2024-06-01', 4, 82, 117),
('2024-06-01', 4, 83, 117),
('2024-06-01', 4, 84, 117),
('2024-06-01', 4, 85, 117),
('2024-06-01', 4, 86, 117),
('2024-06-01', 4, 87, 117),
('2024-06-01', 4, 88, 117),
('2024-06-01', 4, 89, 117),
('2024-06-01', 4, 90, 117),
('2024-06-01', 4, 91, 117),
('2024-06-01', 4, 92, 117),
('2024-06-01', 4, 93, 117),
('2024-06-01', 4, 94, 117),
('2024-06-01', 4, 95, 117),
('2024-06-01', 4, 96, 117),
('2024-06-01', 4, 97, 117),
('2024-06-01', 4, 98, 117),
('2024-06-01', 4, 99, 117),
('2024-06-01', 4, 100, 117),
('2024-06-01', 4, 101, 117),
('2024-06-01', 4, 102, 117),
('2024-06-01', 4, 103, 117),
('2024-06-01', 4, 104, 117),
('2024-06-01', 4, 105, 117),
('2024-06-01', 4, 106, 117),
('2024-06-01', 4, 107, 117),
('2024-06-01', 4, 108, 117),
('2024-06-01', 4, 109, 117),
('2024-06-01', 4, 110, 117),
('2024-06-01', 4, 111, 117),
('2024-06-01', 4, 112, 117),
('2024-06-01', 4, 113, 117),
('2024-06-01', 4, 114, 117),
('2024-06-01', 4, 115, 117),
('2024-06-01', 4, 116, 117),
('2024-06-01', 4, 117, 117),
('2024-06-01', 4, 118, 117),
('2024-06-01', 4, 119, 117),
('2024-06-01', 4, 120, 117),
('2024-06-01', 4, 121, 117),
('2024-06-01', 4, 122, 117),
('2024-06-01', 4, 123, 117),
('2024-06-01', 4, 124, 117),
('2024-06-01', 4, 125, 117),
('2024-06-01', 4, 126, 117),
('2024-06-01', 5, 1, 101.4),
('2024-06-01', 5, 2, 101.4),
('2024-06-01', 5, 3, 101.4),
('2024-06-01', 5, 4, 101.4),
('2024-06-01', 5, 5, 101.4),
('2024-06-01', 5, 6, 101.4),
('2024-06-01', 5, 7, 101.4),
('2024-06-01', 5, 8, 101.4),
('2024-06-01', 5, 9, 101.4),
('2024-06-01', 5, 10, 101.4),
('2024-06-01', 5, 11, 101.4),
('2024-06-01', 5, 12, 101.4),
('2024-06-01', 5, 13, 101.4),
('2024-06-01', 5, 14, 101.4),
('2024-06-01', 5, 15, 101.4),
('2024-06-01', 5, 16, 101.4),
('2024-06-01', 5, 17, 101.4),
('2024-06-01', 5, 18, 101.4),
('2024-06-01', 5, 19, 101.4),
('2024-06-01', 5, 20, 101.4),
('2024-06-01', 5, 21, 101.4),
('2024-06-01', 5, 22, 101.4),
('2024-06-01', 5, 23, 101.4),
('2024-06-01', 5, 24, 101.4),
('2024-06-01', 5, 25, 101.4),
('2024-06-01', 5, 26, 101.4),
('2024-06-01', 5, 27, 101.4),
('2024-06-01', 5, 28, 101.4),
('2024-06-01', 5, 29, 101.4),
('2024-06-01', 5, 30, 101.4),
('2024-06-01', 5, 31, 101.4),
('2024-06-01', 5, 32, 101.4),
('2024-06-01', 5, 33, 101.4),
('2024-06-01', 5, 34, 101.4),
('2024-06-01', 5, 35, 101.4),
('2024-06-01', 5, 36, 101.4),
('2024-06-01', 5, 37, 101.4),
('2024-06-01', 5, 38, 101.4),
('2024-06-01', 5, 39, 101.4),
('2024-06-01', 5, 40, 101.4),
('2024-06-01', 5, 41, 101.4),
('2024-06-01', 5, 42, 101.4),
('2024-06-01', 5, 43, 101.4),
('2024-06-01', 5, 44, 101.4),
('2024-06-01', 5, 45, 101.4),
('2024-06-01', 5, 46, 101.4),
('2024-06-01', 5, 47, 101.4),
('2024-06-01', 5, 48, 101.4),
('2024-06-01', 5, 49, 101.4),
('2024-06-01', 5, 50, 101.4),
('2024-06-01', 5, 51, 101.4),
('2024-06-01', 5, 52, 101.4),
('2024-06-01', 5, 53, 101.4),
('2024-06-01', 5, 54, 101.4),
('2024-06-01', 5, 55, 101.4),
('2024-06-01', 5, 56, 101.4),
('2024-06-01', 5, 57, 101.4),
('2024-06-01', 5, 58, 101.4),
('2024-06-01', 5, 59, 101.4),
('2024-06-01', 5, 60, 101.4),
('2024-06-01', 5, 61, 101.4),
('2024-06-01', 5, 62, 101.4),
('2024-06-01', 5, 63, 101.4),
('2024-06-01', 5, 64, 101.4),
('2024-06-01', 5, 65, 101.4),
('2024-06-01', 5, 66, 101.4),
('2024-06-01', 5, 67, 101.4),
('2024-06-01', 5, 68, 101.4),
('2024-06-01', 5, 69, 101.4),
('2024-06-01', 5, 70, 101.4),
('2024-06-01', 5, 71, 101.4),
('2024-06-01', 5, 72, 101.4),
('2024-06-01', 5, 73, 101.4),
('2024-06-01', 5, 74, 101.4),
('2024-06-01', 5, 75, 101.4),
('2024-06-01', 5, 76, 101.4),
('2024-06-01', 5, 77, 101.4),
('2024-06-01', 5, 78, 101.4),
('2024-06-01', 5, 79, 101.4),
('2024-06-01', 5, 80, 101.4),
('2024-06-01', 5, 81, 101.4),
('2024-06-01', 5, 82, 101.4),
('2024-06-01', 5, 83, 101.4),
('2024-06-01', 5, 84, 101.4),
('2024-06-01', 5, 85, 101.4),
('2024-06-01', 5, 86, 101.4),
('2024-06-01', 5, 87, 101.4),
('2024-06-01', 5, 88, 101.4),
('2024-06-01', 5, 89, 101.4),
('2024-06-01', 5, 90, 101.4),
('2024-06-01', 5, 91, 101.4),
('2024-06-01', 5, 92, 101.4),
('2024-06-01', 5, 93, 101.4),
('2024-06-01', 5, 94, 101.4),
('2024-06-01', 5, 95, 101.4),
('2024-06-01', 5, 96, 101.4),
('2024-06-01', 5, 97, 101.4),
('2024-06-01', 5, 98, 101.4),
('2024-06-01', 5, 99, 101.4),
('2024-06-01', 5, 100, 101.4),
('2024-06-01', 5, 101, 101.4),
('2024-06-01', 5, 102, 101.4),
('2024-06-01', 5, 103, 101.4),
('2024-06-01', 5, 104, 101.4),
('2024-06-01', 5, 105, 101.4),
('2024-06-01', 5, 106, 101.4),
('2024-06-01', 5, 107, 101.4),
('2024-06-01', 5, 108, 101.4),
('2024-06-01', 5, 109, 101.4),
('2024-06-01', 5, 110, 101.4),
('2024-06-01', 5, 111, 101.4),
('2024-06-01', 5, 112, 101.4),
('2024-06-01', 5, 113, 101.4),
('2024-06-01', 5, 114, 101.4),
('2024-06-01', 5, 115, 101.4),
('2024-06-01', 5, 116, 101.4),
('2024-06-01', 5, 117, 101.4),
('2024-06-01', 5, 118, 101.4),
('2024-06-01', 5, 119, 101.4),
('2024-06-01', 5, 120, 101.4),
('2024-06-01', 5, 121, 101.4),
('2024-06-01', 5, 122, 101.4),
('2024-06-01', 5, 123, 101.4),
('2024-06-01', 5, 124, 101.4),
('2024-06-01', 5, 125, 101.4),
('2024-06-01', 5, 126, 101.4),
('2024-06-01', 6, 1, 156),
('2024-06-01', 6, 2, 156),
('2024-06-01', 6, 3, 156),
('2024-06-01', 6, 4, 156),
('2024-06-01', 6, 5, 156),
('2024-06-01', 6, 6, 156),
('2024-06-01', 6, 7, 156),
('2024-06-01', 6, 8, 156),
('2024-06-01', 6, 9, 156),
('2024-06-01', 6, 10, 156),
('2024-06-01', 6, 11, 156),
('2024-06-01', 6, 12, 156),
('2024-06-01', 6, 13, 156),
('2024-06-01', 6, 14, 156),
('2024-06-01', 6, 15, 156),
('2024-06-01', 6, 16, 156),
('2024-06-01', 6, 17, 156),
('2024-06-01', 6, 18, 156),
('2024-06-01', 6, 19, 156),
('2024-06-01', 6, 20, 156),
('2024-06-01', 6, 21, 156),
('2024-06-01', 6, 22, 156),
('2024-06-01', 6, 23, 156),
('2024-06-01', 6, 24, 156),
('2024-06-01', 6, 25, 156),
('2024-06-01', 6, 26, 156),
('2024-06-01', 6, 27, 156),
('2024-06-01', 6, 28, 156),
('2024-06-01', 6, 29, 156),
('2024-06-01', 6, 30, 156),
('2024-06-01', 6, 31, 156),
('2024-06-01', 6, 32, 156),
('2024-06-01', 6, 33, 156),
('2024-06-01', 6, 34, 156),
('2024-06-01', 6, 35, 156),
('2024-06-01', 6, 36, 156),
('2024-06-01', 6, 37, 156),
('2024-06-01', 6, 38, 156),
('2024-06-01', 6, 39, 156),
('2024-06-01', 6, 40, 156),
('2024-06-01', 6, 41, 156),
('2024-06-01', 6, 42, 156),
('2024-06-01', 6, 43, 156),
('2024-06-01', 6, 44, 156),
('2024-06-01', 6, 45, 156),
('2024-06-01', 6, 46, 156),
('2024-06-01', 6, 47, 156),
('2024-06-01', 6, 48, 156),
('2024-06-01', 6, 49, 156),
('2024-06-01', 6, 50, 156),
('2024-06-01', 6, 51, 156),
('2024-06-01', 6, 52, 156),
('2024-06-01', 6, 53, 156),
('2024-06-01', 6, 54, 156),
('2024-06-01', 6, 55, 156),
('2024-06-01', 6, 56, 156),
('2024-06-01', 6, 57, 156),
('2024-06-01', 6, 58, 156),
('2024-06-01', 6, 59, 156),
('2024-06-01', 6, 60, 156),
('2024-06-01', 6, 61, 156),
('2024-06-01', 6, 62, 156),
('2024-06-01', 6, 63, 156),
('2024-06-01', 6, 64, 156),
('2024-06-01', 6, 65, 156),
('2024-06-01', 6, 66, 156),
('2024-06-01', 6, 67, 156),
('2024-06-01', 6, 68, 156),
('2024-06-01', 6, 69, 156),
('2024-06-01', 6, 70, 156),
('2024-06-01', 6, 71, 156),
('2024-06-01', 6, 72, 156),
('2024-06-01', 6, 73, 156),
('2024-06-01', 6, 74, 156),
('2024-06-01', 6, 75, 156),
('2024-06-01', 6, 76, 156),
('2024-06-01', 6, 77, 156),
('2024-06-01', 6, 78, 156),
('2024-06-01', 6, 79, 156),
('2024-06-01', 6, 80, 156),
('2024-06-01', 6, 81, 156),
('2024-06-01', 6, 82, 156),
('2024-06-01', 6, 83, 156),
('2024-06-01', 6, 84, 156),
('2024-06-01', 6, 85, 156),
('2024-06-01', 6, 86, 156),
('2024-06-01', 6, 87, 156),
('2024-06-01', 6, 88, 156),
('2024-06-01', 6, 89, 156),
('2024-06-01', 6, 90, 156),
('2024-06-01', 6, 91, 156),
('2024-06-01', 6, 92, 156),
('2024-06-01', 6, 93, 156),
('2024-06-01', 6, 94, 156),
('2024-06-01', 6, 95, 156),
('2024-06-01', 6, 96, 156),
('2024-06-01', 6, 97, 156),
('2024-06-01', 6, 98, 156),
('2024-06-01', 6, 99, 156),
('2024-06-01', 6, 100, 156),
('2024-06-01', 6, 101, 156),
('2024-06-01', 6, 102, 156),
('2024-06-01', 6, 103, 156),
('2024-06-01', 6, 104, 156),
('2024-06-01', 6, 105, 156),
('2024-06-01', 6, 106, 156),
('2024-06-01', 6, 107, 156),
('2024-06-01', 6, 108, 156),
('2024-06-01', 6, 109, 156),
('2024-06-01', 6, 110, 156),
('2024-06-01', 6, 111, 156),
('2024-06-01', 6, 112, 156),
('2024-06-01', 6, 113, 156),
('2024-06-01', 6, 114, 156),
('2024-06-01', 6, 115, 156),
('2024-06-01', 6, 116, 156),
('2024-06-01', 6, 117, 156),
('2024-06-01', 6, 118, 156),
('2024-06-01', 6, 119, 156),
('2024-06-01', 6, 120, 156),
('2024-06-01', 6, 121, 156),
('2024-06-01', 6, 122, 156),
('2024-06-01', 6, 123, 156),
('2024-06-01', 6, 124, 156),
('2024-06-01', 6, 125, 156),
('2024-06-01', 6, 126, 156),
('2024-06-01', 7, 1, 171.6),
('2024-06-01', 7, 2, 171.6),
('2024-06-01', 7, 3, 171.6),
('2024-06-01', 7, 4, 171.6),
('2024-06-01', 7, 5, 171.6),
('2024-06-01', 7, 6, 171.6),
('2024-06-01', 7, 7, 171.6),
('2024-06-01', 7, 8, 171.6),
('2024-06-01', 7, 9, 171.6),
('2024-06-01', 7, 10, 171.6),
('2024-06-01', 7, 11, 171.6),
('2024-06-01', 7, 12, 171.6),
('2024-06-01', 7, 13, 171.6),
('2024-06-01', 7, 14, 171.6),
('2024-06-01', 7, 15, 171.6),
('2024-06-01', 7, 16, 171.6),
('2024-06-01', 7, 17, 171.6),
('2024-06-01', 7, 18, 171.6),
('2024-06-01', 7, 19, 171.6),
('2024-06-01', 7, 20, 171.6),
('2024-06-01', 7, 21, 171.6),
('2024-06-01', 7, 22, 171.6),
('2024-06-01', 7, 23, 171.6),
('2024-06-01', 7, 24, 171.6),
('2024-06-01', 7, 25, 171.6),
('2024-06-01', 7, 26, 171.6),
('2024-06-01', 7, 27, 171.6),
('2024-06-01', 7, 28, 171.6),
('2024-06-01', 7, 29, 171.6),
('2024-06-01', 7, 30, 171.6),
('2024-06-01', 7, 31, 171.6),
('2024-06-01', 7, 32, 171.6),
('2024-06-01', 7, 33, 171.6),
('2024-06-01', 7, 34, 171.6),
('2024-06-01', 7, 35, 171.6),
('2024-06-01', 7, 36, 171.6),
('2024-06-01', 7, 37, 171.6),
('2024-06-01', 7, 38, 171.6),
('2024-06-01', 7, 39, 171.6),
('2024-06-01', 7, 40, 171.6),
('2024-06-01', 7, 41, 171.6),
('2024-06-01', 7, 42, 171.6),
('2024-06-01', 7, 43, 171.6),
('2024-06-01', 7, 44, 171.6),
('2024-06-01', 7, 45, 171.6),
('2024-06-01', 7, 46, 171.6),
('2024-06-01', 7, 47, 171.6),
('2024-06-01', 7, 48, 171.6),
('2024-06-01', 7, 49, 171.6),
('2024-06-01', 7, 50, 171.6),
('2024-06-01', 7, 51, 171.6),
('2024-06-01', 7, 52, 171.6),
('2024-06-01', 7, 53, 171.6),
('2024-06-01', 7, 54, 171.6),
('2024-06-01', 7, 55, 171.6),
('2024-06-01', 7, 56, 171.6),
('2024-06-01', 7, 57, 171.6),
('2024-06-01', 7, 58, 171.6),
('2024-06-01', 7, 59, 171.6),
('2024-06-01', 7, 60, 171.6),
('2024-06-01', 7, 61, 171.6),
('2024-06-01', 7, 62, 171.6),
('2024-06-01', 7, 63, 171.6),
('2024-06-01', 7, 64, 171.6),
('2024-06-01', 7, 65, 171.6),
('2024-06-01', 7, 66, 171.6),
('2024-06-01', 7, 67, 171.6),
('2024-06-01', 7, 68, 171.6),
('2024-06-01', 7, 69, 171.6),
('2024-06-01', 7, 70, 171.6),
('2024-06-01', 7, 71, 171.6),
('2024-06-01', 7, 72, 171.6),
('2024-06-01', 7, 73, 171.6),
('2024-06-01', 7, 74, 171.6),
('2024-06-01', 7, 75, 171.6),
('2024-06-01', 7, 76, 171.6),
('2024-06-01', 7, 77, 171.6),
('2024-06-01', 7, 78, 171.6),
('2024-06-01', 7, 79, 171.6),
('2024-06-01', 7, 80, 171.6),
('2024-06-01', 7, 81, 171.6),
('2024-06-01', 7, 82, 171.6),
('2024-06-01', 7, 83, 171.6),
('2024-06-01', 7, 84, 171.6),
('2024-06-01', 7, 85, 171.6),
('2024-06-01', 7, 86, 171.6),
('2024-06-01', 7, 87, 171.6),
('2024-06-01', 7, 88, 171.6),
('2024-06-01', 7, 89, 171.6),
('2024-06-01', 7, 90, 171.6),
('2024-06-01', 7, 91, 171.6),
('2024-06-01', 7, 92, 171.6),
('2024-06-01', 7, 93, 171.6),
('2024-06-01', 7, 94, 171.6),
('2024-06-01', 7, 95, 171.6),
('2024-06-01', 7, 96, 171.6),
('2024-06-01', 7, 97, 171.6),
('2024-06-01', 7, 98, 171.6),
('2024-06-01', 7, 99, 171.6),
('2024-06-01', 7, 100, 171.6),
('2024-06-01', 7, 101, 171.6),
('2024-06-01', 7, 102, 171.6),
('2024-06-01', 7, 103, 171.6),
('2024-06-01', 7, 104, 171.6),
('2024-06-01', 7, 105, 171.6),
('2024-06-01', 7, 106, 171.6),
('2024-06-01', 7, 107, 171.6),
('2024-06-01', 7, 108, 171.6),
('2024-06-01', 7, 109, 171.6),
('2024-06-01', 7, 110, 171.6),
('2024-06-01', 7, 111, 171.6),
('2024-06-01', 7, 112, 171.6),
('2024-06-01', 7, 113, 171.6),
('2024-06-01', 7, 114, 171.6),
('2024-06-01', 7, 115, 171.6),
('2024-06-01', 7, 116, 171.6),
('2024-06-01', 7, 117, 171.6),
('2024-06-01', 7, 118, 171.6),
('2024-06-01', 7, 119, 171.6),
('2024-06-01', 7, 120, 171.6),
('2024-06-01', 7, 121, 171.6),
('2024-06-01', 7, 122, 171.6),
('2024-06-01', 7, 123, 171.6),
('2024-06-01', 7, 124, 171.6),
('2024-06-01', 7, 125, 171.6),
('2024-06-01', 7, 126, 171.6),
('2025-01-01', 1, 1, 78),
('2025-01-01', 1, 2, 78),
('2025-01-01', 1, 3, 78),
('2025-01-01', 1, 4, 78),
('2025-01-01', 1, 5, 78),
('2025-01-01', 1, 6, 78),
('2025-01-01', 1, 7, 78),
('2025-01-01', 1, 8, 78),
('2025-01-01', 1, 9, 78),
('2025-01-01', 1, 10, 78),
('2025-01-01', 1, 11, 78),
('2025-01-01', 1, 12, 78),
('2025-01-01', 1, 13, 78),
('2025-01-01', 1, 14, 78),
('2025-01-01', 1, 15, 78),
('2025-01-01', 1, 16, 78),
('2025-01-01', 1, 17, 78),
('2025-01-01', 1, 18, 78),
('2025-01-01', 1, 19, 78),
('2025-01-01', 1, 20, 78),
('2025-01-01', 1, 21, 78),
('2025-01-01', 1, 22, 78),
('2025-01-01', 1, 23, 78),
('2025-01-01', 1, 24, 78),
('2025-01-01', 1, 25, 78),
('2025-01-01', 1, 26, 78),
('2025-01-01', 1, 27, 78),
('2025-01-01', 1, 28, 78),
('2025-01-01', 1, 29, 78),
('2025-01-01', 1, 30, 78),
('2025-01-01', 1, 31, 78),
('2025-01-01', 1, 32, 78),
('2025-01-01', 1, 33, 78),
('2025-01-01', 1, 34, 78),
('2025-01-01', 1, 35, 78),
('2025-01-01', 1, 36, 78),
('2025-01-01', 1, 37, 78),
('2025-01-01', 1, 38, 78),
('2025-01-01', 1, 39, 78),
('2025-01-01', 1, 40, 78),
('2025-01-01', 1, 41, 78),
('2025-01-01', 1, 42, 78),
('2025-01-01', 1, 43, 78),
('2025-01-01', 1, 44, 78),
('2025-01-01', 1, 45, 78),
('2025-01-01', 1, 46, 78),
('2025-01-01', 1, 47, 78),
('2025-01-01', 1, 48, 78),
('2025-01-01', 1, 49, 78),
('2025-01-01', 1, 50, 78),
('2025-01-01', 1, 51, 78),
('2025-01-01', 1, 52, 78),
('2025-01-01', 1, 53, 78),
('2025-01-01', 1, 54, 78),
('2025-01-01', 1, 55, 78),
('2025-01-01', 1, 56, 78),
('2025-01-01', 1, 57, 78),
('2025-01-01', 1, 58, 78),
('2025-01-01', 1, 59, 78),
('2025-01-01', 1, 60, 78),
('2025-01-01', 1, 61, 78),
('2025-01-01', 1, 62, 78),
('2025-01-01', 1, 63, 78),
('2025-01-01', 1, 64, 78),
('2025-01-01', 1, 65, 78),
('2025-01-01', 1, 66, 78),
('2025-01-01', 1, 67, 78),
('2025-01-01', 1, 68, 78),
('2025-01-01', 1, 69, 78),
('2025-01-01', 1, 70, 78),
('2025-01-01', 1, 71, 78),
('2025-01-01', 1, 72, 78),
('2025-01-01', 1, 73, 78),
('2025-01-01', 1, 74, 78),
('2025-01-01', 1, 75, 78),
('2025-01-01', 1, 76, 78),
('2025-01-01', 1, 77, 78),
('2025-01-01', 1, 78, 78),
('2025-01-01', 1, 79, 78),
('2025-01-01', 1, 80, 78),
('2025-01-01', 1, 81, 78),
('2025-01-01', 1, 82, 78),
('2025-01-01', 1, 83, 78),
('2025-01-01', 1, 84, 78),
('2025-01-01', 1, 85, 78),
('2025-01-01', 1, 86, 78),
('2025-01-01', 1, 87, 78),
('2025-01-01', 1, 88, 78),
('2025-01-01', 1, 89, 78),
('2025-01-01', 1, 90, 78),
('2025-01-01', 1, 91, 78),
('2025-01-01', 1, 92, 78),
('2025-01-01', 1, 93, 78),
('2025-01-01', 1, 94, 78),
('2025-01-01', 1, 95, 78),
('2025-01-01', 1, 96, 78),
('2025-01-01', 1, 97, 78),
('2025-01-01', 1, 98, 78),
('2025-01-01', 1, 99, 78),
('2025-01-01', 1, 100, 78),
('2025-01-01', 1, 101, 78),
('2025-01-01', 1, 102, 78),
('2025-01-01', 1, 103, 78),
('2025-01-01', 1, 104, 78),
('2025-01-01', 1, 105, 78),
('2025-01-01', 1, 106, 78),
('2025-01-01', 1, 107, 78),
('2025-01-01', 1, 108, 78),
('2025-01-01', 1, 109, 78),
('2025-01-01', 1, 110, 78),
('2025-01-01', 1, 111, 78),
('2025-01-01', 1, 112, 78),
('2025-01-01', 1, 113, 78),
('2025-01-01', 1, 114, 78),
('2025-01-01', 1, 115, 78),
('2025-01-01', 1, 116, 78),
('2025-01-01', 1, 117, 78),
('2025-01-01', 1, 118, 78),
('2025-01-01', 1, 119, 78),
('2025-01-01', 1, 120, 78),
('2025-01-01', 1, 121, 78),
('2025-01-01', 1, 122, 78),
('2025-01-01', 1, 123, 78),
('2025-01-01', 1, 124, 78),
('2025-01-01', 1, 125, 78),
('2025-01-01', 1, 126, 78),
('2025-01-01', 2, 1, 65),
('2025-01-01', 2, 2, 65),
('2025-01-01', 2, 3, 65),
('2025-01-01', 2, 4, 65),
('2025-01-01', 2, 5, 65),
('2025-01-01', 2, 6, 65),
('2025-01-01', 2, 7, 65),
('2025-01-01', 2, 8, 65),
('2025-01-01', 2, 9, 65),
('2025-01-01', 2, 10, 65),
('2025-01-01', 2, 11, 65),
('2025-01-01', 2, 12, 65),
('2025-01-01', 2, 13, 65),
('2025-01-01', 2, 14, 65),
('2025-01-01', 2, 15, 65),
('2025-01-01', 2, 16, 65),
('2025-01-01', 2, 17, 65),
('2025-01-01', 2, 18, 65),
('2025-01-01', 2, 19, 65),
('2025-01-01', 2, 20, 65),
('2025-01-01', 2, 21, 65),
('2025-01-01', 2, 22, 65),
('2025-01-01', 2, 23, 65),
('2025-01-01', 2, 24, 65),
('2025-01-01', 2, 25, 65),
('2025-01-01', 2, 26, 65),
('2025-01-01', 2, 27, 65),
('2025-01-01', 2, 28, 65),
('2025-01-01', 2, 29, 65),
('2025-01-01', 2, 30, 65),
('2025-01-01', 2, 31, 65),
('2025-01-01', 2, 32, 65),
('2025-01-01', 2, 33, 65),
('2025-01-01', 2, 34, 65),
('2025-01-01', 2, 35, 65),
('2025-01-01', 2, 36, 65),
('2025-01-01', 2, 37, 65),
('2025-01-01', 2, 38, 65),
('2025-01-01', 2, 39, 65),
('2025-01-01', 2, 40, 65),
('2025-01-01', 2, 41, 65),
('2025-01-01', 2, 42, 65),
('2025-01-01', 2, 43, 65),
('2025-01-01', 2, 44, 65),
('2025-01-01', 2, 45, 65),
('2025-01-01', 2, 46, 65),
('2025-01-01', 2, 47, 65),
('2025-01-01', 2, 48, 65),
('2025-01-01', 2, 49, 65),
('2025-01-01', 2, 50, 65),
('2025-01-01', 2, 51, 65),
('2025-01-01', 2, 52, 65),
('2025-01-01', 2, 53, 65),
('2025-01-01', 2, 54, 65),
('2025-01-01', 2, 55, 65),
('2025-01-01', 2, 56, 65),
('2025-01-01', 2, 57, 65),
('2025-01-01', 2, 58, 65),
('2025-01-01', 2, 59, 65),
('2025-01-01', 2, 60, 65),
('2025-01-01', 2, 61, 65),
('2025-01-01', 2, 62, 65),
('2025-01-01', 2, 63, 65),
('2025-01-01', 2, 64, 65),
('2025-01-01', 2, 65, 65),
('2025-01-01', 2, 66, 65),
('2025-01-01', 2, 67, 65),
('2025-01-01', 2, 68, 65),
('2025-01-01', 2, 69, 65),
('2025-01-01', 2, 70, 65),
('2025-01-01', 2, 71, 65),
('2025-01-01', 2, 72, 65),
('2025-01-01', 2, 73, 65),
('2025-01-01', 2, 74, 65),
('2025-01-01', 2, 75, 65),
('2025-01-01', 2, 76, 65),
('2025-01-01', 2, 77, 65),
('2025-01-01', 2, 78, 65),
('2025-01-01', 2, 79, 65),
('2025-01-01', 2, 80, 65),
('2025-01-01', 2, 81, 65),
('2025-01-01', 2, 82, 65),
('2025-01-01', 2, 83, 65),
('2025-01-01', 2, 84, 65),
('2025-01-01', 2, 85, 65),
('2025-01-01', 2, 86, 65),
('2025-01-01', 2, 87, 65),
('2025-01-01', 2, 88, 65),
('2025-01-01', 2, 89, 65),
('2025-01-01', 2, 90, 65),
('2025-01-01', 2, 91, 65),
('2025-01-01', 2, 92, 65),
('2025-01-01', 2, 93, 65),
('2025-01-01', 2, 94, 65),
('2025-01-01', 2, 95, 65),
('2025-01-01', 2, 96, 65),
('2025-01-01', 2, 97, 65),
('2025-01-01', 2, 98, 65),
('2025-01-01', 2, 99, 65),
('2025-01-01', 2, 100, 65),
('2025-01-01', 2, 101, 65),
('2025-01-01', 2, 102, 65),
('2025-01-01', 2, 103, 65),
('2025-01-01', 2, 104, 65),
('2025-01-01', 2, 105, 65),
('2025-01-01', 2, 106, 65),
('2025-01-01', 2, 107, 65),
('2025-01-01', 2, 108, 65),
('2025-01-01', 2, 109, 65),
('2025-01-01', 2, 110, 65),
('2025-01-01', 2, 111, 65),
('2025-01-01', 2, 112, 65),
('2025-01-01', 2, 113, 65),
('2025-01-01', 2, 114, 65),
('2025-01-01', 2, 115, 65),
('2025-01-01', 2, 116, 65),
('2025-01-01', 2, 117, 65),
('2025-01-01', 2, 118, 65),
('2025-01-01', 2, 119, 65),
('2025-01-01', 2, 120, 65),
('2025-01-01', 2, 121, 65),
('2025-01-01', 2, 122, 65),
('2025-01-01', 2, 123, 65),
('2025-01-01', 2, 124, 65),
('2025-01-01', 2, 125, 65),
('2025-01-01', 2, 126, 65),
('2025-01-01', 3, 1, 71.5),
('2025-01-01', 3, 2, 71.5),
('2025-01-01', 3, 3, 71.5),
('2025-01-01', 3, 4, 71.5),
('2025-01-01', 3, 5, 71.5),
('2025-01-01', 3, 6, 71.5),
('2025-01-01', 3, 7, 71.5),
('2025-01-01', 3, 8, 71.5),
('2025-01-01', 3, 9, 71.5),
('2025-01-01', 3, 10, 71.5),
('2025-01-01', 3, 11, 71.5),
('2025-01-01', 3, 12, 71.5),
('2025-01-01', 3, 13, 71.5),
('2025-01-01', 3, 14, 71.5),
('2025-01-01', 3, 15, 71.5),
('2025-01-01', 3, 16, 71.5),
('2025-01-01', 3, 17, 71.5),
('2025-01-01', 3, 18, 71.5),
('2025-01-01', 3, 19, 71.5),
('2025-01-01', 3, 20, 71.5),
('2025-01-01', 3, 21, 71.5),
('2025-01-01', 3, 22, 71.5),
('2025-01-01', 3, 23, 71.5),
('2025-01-01', 3, 24, 71.5),
('2025-01-01', 3, 25, 71.5),
('2025-01-01', 3, 26, 71.5),
('2025-01-01', 3, 27, 71.5),
('2025-01-01', 3, 28, 71.5),
('2025-01-01', 3, 29, 71.5),
('2025-01-01', 3, 30, 71.5),
('2025-01-01', 3, 31, 71.5),
('2025-01-01', 3, 32, 71.5),
('2025-01-01', 3, 33, 71.5),
('2025-01-01', 3, 34, 71.5),
('2025-01-01', 3, 35, 71.5),
('2025-01-01', 3, 36, 71.5),
('2025-01-01', 3, 37, 71.5),
('2025-01-01', 3, 38, 71.5),
('2025-01-01', 3, 39, 71.5),
('2025-01-01', 3, 40, 71.5),
('2025-01-01', 3, 41, 71.5),
('2025-01-01', 3, 42, 71.5),
('2025-01-01', 3, 43, 71.5),
('2025-01-01', 3, 44, 71.5),
('2025-01-01', 3, 45, 71.5),
('2025-01-01', 3, 46, 71.5),
('2025-01-01', 3, 47, 71.5),
('2025-01-01', 3, 48, 71.5),
('2025-01-01', 3, 49, 71.5),
('2025-01-01', 3, 50, 71.5),
('2025-01-01', 3, 51, 71.5),
('2025-01-01', 3, 52, 71.5),
('2025-01-01', 3, 53, 71.5),
('2025-01-01', 3, 54, 71.5),
('2025-01-01', 3, 55, 71.5),
('2025-01-01', 3, 56, 71.5),
('2025-01-01', 3, 57, 71.5),
('2025-01-01', 3, 58, 71.5),
('2025-01-01', 3, 59, 71.5),
('2025-01-01', 3, 60, 71.5),
('2025-01-01', 3, 61, 71.5),
('2025-01-01', 3, 62, 71.5),
('2025-01-01', 3, 63, 71.5),
('2025-01-01', 3, 64, 71.5),
('2025-01-01', 3, 65, 71.5),
('2025-01-01', 3, 66, 71.5),
('2025-01-01', 3, 67, 71.5),
('2025-01-01', 3, 68, 71.5),
('2025-01-01', 3, 69, 71.5),
('2025-01-01', 3, 70, 71.5),
('2025-01-01', 3, 71, 71.5),
('2025-01-01', 3, 72, 71.5),
('2025-01-01', 3, 73, 71.5),
('2025-01-01', 3, 74, 71.5),
('2025-01-01', 3, 75, 71.5),
('2025-01-01', 3, 76, 71.5),
('2025-01-01', 3, 77, 71.5),
('2025-01-01', 3, 78, 71.5),
('2025-01-01', 3, 79, 71.5),
('2025-01-01', 3, 80, 71.5),
('2025-01-01', 3, 81, 71.5),
('2025-01-01', 3, 82, 71.5),
('2025-01-01', 3, 83, 71.5),
('2025-01-01', 3, 84, 71.5),
('2025-01-01', 3, 85, 71.5),
('2025-01-01', 3, 86, 71.5),
('2025-01-01', 3, 87, 71.5),
('2025-01-01', 3, 88, 71.5),
('2025-01-01', 3, 89, 71.5),
('2025-01-01', 3, 90, 71.5),
('2025-01-01', 3, 91, 71.5),
('2025-01-01', 3, 92, 71.5),
('2025-01-01', 3, 93, 71.5),
('2025-01-01', 3, 94, 71.5),
('2025-01-01', 3, 95, 71.5),
('2025-01-01', 3, 96, 71.5),
('2025-01-01', 3, 97, 71.5),
('2025-01-01', 3, 98, 71.5),
('2025-01-01', 3, 99, 71.5),
('2025-01-01', 3, 100, 71.5),
('2025-01-01', 3, 101, 71.5),
('2025-01-01', 3, 102, 71.5),
('2025-01-01', 3, 103, 71.5),
('2025-01-01', 3, 104, 71.5),
('2025-01-01', 3, 105, 71.5),
('2025-01-01', 3, 106, 71.5),
('2025-01-01', 3, 107, 71.5),
('2025-01-01', 3, 108, 71.5),
('2025-01-01', 3, 109, 71.5),
('2025-01-01', 3, 110, 71.5),
('2025-01-01', 3, 111, 71.5),
('2025-01-01', 3, 112, 71.5),
('2025-01-01', 3, 113, 71.5),
('2025-01-01', 3, 114, 71.5),
('2025-01-01', 3, 115, 71.5),
('2025-01-01', 3, 116, 71.5),
('2025-01-01', 3, 117, 71.5),
('2025-01-01', 3, 118, 71.5),
('2025-01-01', 3, 119, 71.5),
('2025-01-01', 3, 120, 71.5),
('2025-01-01', 3, 121, 71.5),
('2025-01-01', 3, 122, 71.5),
('2025-01-01', 3, 123, 71.5),
('2025-01-01', 3, 124, 71.5),
('2025-01-01', 3, 125, 71.5),
('2025-01-01', 3, 126, 71.5),
('2025-01-01', 4, 1, 97.5),
('2025-01-01', 4, 2, 97.5),
('2025-01-01', 4, 3, 97.5),
('2025-01-01', 4, 4, 97.5),
('2025-01-01', 4, 5, 97.5),
('2025-01-01', 4, 6, 97.5),
('2025-01-01', 4, 7, 97.5),
('2025-01-01', 4, 8, 97.5),
('2025-01-01', 4, 9, 97.5),
('2025-01-01', 4, 10, 97.5),
('2025-01-01', 4, 11, 97.5),
('2025-01-01', 4, 12, 97.5),
('2025-01-01', 4, 13, 97.5),
('2025-01-01', 4, 14, 97.5),
('2025-01-01', 4, 15, 97.5),
('2025-01-01', 4, 16, 97.5),
('2025-01-01', 4, 17, 97.5),
('2025-01-01', 4, 18, 97.5),
('2025-01-01', 4, 19, 97.5),
('2025-01-01', 4, 20, 97.5),
('2025-01-01', 4, 21, 97.5),
('2025-01-01', 4, 22, 97.5),
('2025-01-01', 4, 23, 97.5),
('2025-01-01', 4, 24, 97.5),
('2025-01-01', 4, 25, 97.5),
('2025-01-01', 4, 26, 97.5),
('2025-01-01', 4, 27, 97.5),
('2025-01-01', 4, 28, 97.5),
('2025-01-01', 4, 29, 97.5),
('2025-01-01', 4, 30, 97.5),
('2025-01-01', 4, 31, 97.5),
('2025-01-01', 4, 32, 97.5),
('2025-01-01', 4, 33, 97.5),
('2025-01-01', 4, 34, 97.5),
('2025-01-01', 4, 35, 97.5),
('2025-01-01', 4, 36, 97.5),
('2025-01-01', 4, 37, 97.5),
('2025-01-01', 4, 38, 97.5),
('2025-01-01', 4, 39, 97.5),
('2025-01-01', 4, 40, 97.5),
('2025-01-01', 4, 41, 97.5),
('2025-01-01', 4, 42, 97.5),
('2025-01-01', 4, 43, 97.5),
('2025-01-01', 4, 44, 97.5),
('2025-01-01', 4, 45, 97.5),
('2025-01-01', 4, 46, 97.5),
('2025-01-01', 4, 47, 97.5),
('2025-01-01', 4, 48, 97.5),
('2025-01-01', 4, 49, 97.5),
('2025-01-01', 4, 50, 97.5),
('2025-01-01', 4, 51, 97.5),
('2025-01-01', 4, 52, 97.5),
('2025-01-01', 4, 53, 97.5),
('2025-01-01', 4, 54, 97.5),
('2025-01-01', 4, 55, 97.5),
('2025-01-01', 4, 56, 97.5),
('2025-01-01', 4, 57, 97.5),
('2025-01-01', 4, 58, 97.5),
('2025-01-01', 4, 59, 97.5),
('2025-01-01', 4, 60, 97.5),
('2025-01-01', 4, 61, 97.5),
('2025-01-01', 4, 62, 97.5),
('2025-01-01', 4, 63, 97.5),
('2025-01-01', 4, 64, 97.5),
('2025-01-01', 4, 65, 97.5),
('2025-01-01', 4, 66, 97.5),
('2025-01-01', 4, 67, 97.5),
('2025-01-01', 4, 68, 97.5),
('2025-01-01', 4, 69, 97.5),
('2025-01-01', 4, 70, 97.5),
('2025-01-01', 4, 71, 97.5),
('2025-01-01', 4, 72, 97.5),
('2025-01-01', 4, 73, 97.5),
('2025-01-01', 4, 74, 97.5),
('2025-01-01', 4, 75, 97.5),
('2025-01-01', 4, 76, 97.5),
('2025-01-01', 4, 77, 97.5),
('2025-01-01', 4, 78, 97.5),
('2025-01-01', 4, 79, 97.5),
('2025-01-01', 4, 80, 97.5),
('2025-01-01', 4, 81, 97.5),
('2025-01-01', 4, 82, 97.5),
('2025-01-01', 4, 83, 97.5),
('2025-01-01', 4, 84, 97.5),
('2025-01-01', 4, 85, 97.5),
('2025-01-01', 4, 86, 97.5),
('2025-01-01', 4, 87, 97.5),
('2025-01-01', 4, 88, 97.5),
('2025-01-01', 4, 89, 97.5),
('2025-01-01', 4, 90, 97.5),
('2025-01-01', 4, 91, 97.5),
('2025-01-01', 4, 92, 97.5),
('2025-01-01', 4, 93, 97.5),
('2025-01-01', 4, 94, 97.5),
('2025-01-01', 4, 95, 97.5),
('2025-01-01', 4, 96, 97.5),
('2025-01-01', 4, 97, 97.5),
('2025-01-01', 4, 98, 97.5),
('2025-01-01', 4, 99, 97.5),
('2025-01-01', 4, 100, 97.5),
('2025-01-01', 4, 101, 97.5),
('2025-01-01', 4, 102, 97.5),
('2025-01-01', 4, 103, 97.5),
('2025-01-01', 4, 104, 97.5),
('2025-01-01', 4, 105, 97.5),
('2025-01-01', 4, 106, 97.5),
('2025-01-01', 4, 107, 97.5),
('2025-01-01', 4, 108, 97.5),
('2025-01-01', 4, 109, 97.5),
('2025-01-01', 4, 110, 97.5),
('2025-01-01', 4, 111, 97.5),
('2025-01-01', 4, 112, 97.5),
('2025-01-01', 4, 113, 97.5),
('2025-01-01', 4, 114, 97.5),
('2025-01-01', 4, 115, 97.5),
('2025-01-01', 4, 116, 97.5),
('2025-01-01', 4, 117, 97.5),
('2025-01-01', 4, 118, 97.5),
('2025-01-01', 4, 119, 97.5),
('2025-01-01', 4, 120, 97.5),
('2025-01-01', 4, 121, 97.5),
('2025-01-01', 4, 122, 97.5),
('2025-01-01', 4, 123, 97.5),
('2025-01-01', 4, 124, 97.5),
('2025-01-01', 4, 125, 97.5),
('2025-01-01', 4, 126, 97.5),
('2025-01-01', 5, 1, 84.5),
('2025-01-01', 5, 2, 84.5),
('2025-01-01', 5, 3, 84.5),
('2025-01-01', 5, 4, 84.5),
('2025-01-01', 5, 5, 84.5),
('2025-01-01', 5, 6, 84.5),
('2025-01-01', 5, 7, 84.5),
('2025-01-01', 5, 8, 84.5),
('2025-01-01', 5, 9, 84.5),
('2025-01-01', 5, 10, 84.5),
('2025-01-01', 5, 11, 84.5),
('2025-01-01', 5, 12, 84.5),
('2025-01-01', 5, 13, 84.5),
('2025-01-01', 5, 14, 84.5),
('2025-01-01', 5, 15, 84.5),
('2025-01-01', 5, 16, 84.5),
('2025-01-01', 5, 17, 84.5),
('2025-01-01', 5, 18, 84.5),
('2025-01-01', 5, 19, 84.5),
('2025-01-01', 5, 20, 84.5),
('2025-01-01', 5, 21, 84.5),
('2025-01-01', 5, 22, 84.5),
('2025-01-01', 5, 23, 84.5),
('2025-01-01', 5, 24, 84.5),
('2025-01-01', 5, 25, 84.5),
('2025-01-01', 5, 26, 84.5),
('2025-01-01', 5, 27, 84.5),
('2025-01-01', 5, 28, 84.5),
('2025-01-01', 5, 29, 84.5),
('2025-01-01', 5, 30, 84.5),
('2025-01-01', 5, 31, 84.5),
('2025-01-01', 5, 32, 84.5),
('2025-01-01', 5, 33, 84.5),
('2025-01-01', 5, 34, 84.5),
('2025-01-01', 5, 35, 84.5),
('2025-01-01', 5, 36, 84.5),
('2025-01-01', 5, 37, 84.5),
('2025-01-01', 5, 38, 84.5),
('2025-01-01', 5, 39, 84.5),
('2025-01-01', 5, 40, 84.5),
('2025-01-01', 5, 41, 84.5),
('2025-01-01', 5, 42, 84.5),
('2025-01-01', 5, 43, 84.5),
('2025-01-01', 5, 44, 84.5),
('2025-01-01', 5, 45, 84.5),
('2025-01-01', 5, 46, 84.5),
('2025-01-01', 5, 47, 84.5),
('2025-01-01', 5, 48, 84.5),
('2025-01-01', 5, 49, 84.5),
('2025-01-01', 5, 50, 84.5),
('2025-01-01', 5, 51, 84.5),
('2025-01-01', 5, 52, 84.5),
('2025-01-01', 5, 53, 84.5),
('2025-01-01', 5, 54, 84.5),
('2025-01-01', 5, 55, 84.5),
('2025-01-01', 5, 56, 84.5),
('2025-01-01', 5, 57, 84.5),
('2025-01-01', 5, 58, 84.5),
('2025-01-01', 5, 59, 84.5),
('2025-01-01', 5, 60, 84.5),
('2025-01-01', 5, 61, 84.5),
('2025-01-01', 5, 62, 84.5),
('2025-01-01', 5, 63, 84.5),
('2025-01-01', 5, 64, 84.5),
('2025-01-01', 5, 65, 84.5),
('2025-01-01', 5, 66, 84.5),
('2025-01-01', 5, 67, 84.5),
('2025-01-01', 5, 68, 84.5),
('2025-01-01', 5, 69, 84.5),
('2025-01-01', 5, 70, 84.5),
('2025-01-01', 5, 71, 84.5),
('2025-01-01', 5, 72, 84.5),
('2025-01-01', 5, 73, 84.5),
('2025-01-01', 5, 74, 84.5),
('2025-01-01', 5, 75, 84.5),
('2025-01-01', 5, 76, 84.5),
('2025-01-01', 5, 77, 84.5),
('2025-01-01', 5, 78, 84.5),
('2025-01-01', 5, 79, 84.5),
('2025-01-01', 5, 80, 84.5),
('2025-01-01', 5, 81, 84.5),
('2025-01-01', 5, 82, 84.5),
('2025-01-01', 5, 83, 84.5),
('2025-01-01', 5, 84, 84.5),
('2025-01-01', 5, 85, 84.5),
('2025-01-01', 5, 86, 84.5),
('2025-01-01', 5, 87, 84.5),
('2025-01-01', 5, 88, 84.5),
('2025-01-01', 5, 89, 84.5),
('2025-01-01', 5, 90, 84.5),
('2025-01-01', 5, 91, 84.5),
('2025-01-01', 5, 92, 84.5),
('2025-01-01', 5, 93, 84.5),
('2025-01-01', 5, 94, 84.5),
('2025-01-01', 5, 95, 84.5),
('2025-01-01', 5, 96, 84.5),
('2025-01-01', 5, 97, 84.5),
('2025-01-01', 5, 98, 84.5),
('2025-01-01', 5, 99, 84.5),
('2025-01-01', 5, 100, 84.5),
('2025-01-01', 5, 101, 84.5),
('2025-01-01', 5, 102, 84.5),
('2025-01-01', 5, 103, 84.5),
('2025-01-01', 5, 104, 84.5),
('2025-01-01', 5, 105, 84.5),
('2025-01-01', 5, 106, 84.5),
('2025-01-01', 5, 107, 84.5),
('2025-01-01', 5, 108, 84.5),
('2025-01-01', 5, 109, 84.5),
('2025-01-01', 5, 110, 84.5),
('2025-01-01', 5, 111, 84.5),
('2025-01-01', 5, 112, 84.5),
('2025-01-01', 5, 113, 84.5),
('2025-01-01', 5, 114, 84.5),
('2025-01-01', 5, 115, 84.5),
('2025-01-01', 5, 116, 84.5),
('2025-01-01', 5, 117, 84.5),
('2025-01-01', 5, 118, 84.5),
('2025-01-01', 5, 119, 84.5),
('2025-01-01', 5, 120, 84.5),
('2025-01-01', 5, 121, 84.5),
('2025-01-01', 5, 122, 84.5),
('2025-01-01', 5, 123, 84.5),
('2025-01-01', 5, 124, 84.5),
('2025-01-01', 5, 125, 84.5),
('2025-01-01', 5, 126, 84.5),
('2025-01-01', 6, 1, 130),
('2025-01-01', 6, 2, 130),
('2025-01-01', 6, 3, 130),
('2025-01-01', 6, 4, 130),
('2025-01-01', 6, 5, 130),
('2025-01-01', 6, 6, 130),
('2025-01-01', 6, 7, 130),
('2025-01-01', 6, 8, 130),
('2025-01-01', 6, 9, 130),
('2025-01-01', 6, 10, 130),
('2025-01-01', 6, 11, 130),
('2025-01-01', 6, 12, 130),
('2025-01-01', 6, 13, 130),
('2025-01-01', 6, 14, 130),
('2025-01-01', 6, 15, 130),
('2025-01-01', 6, 16, 130),
('2025-01-01', 6, 17, 130),
('2025-01-01', 6, 18, 130),
('2025-01-01', 6, 19, 130),
('2025-01-01', 6, 20, 130),
('2025-01-01', 6, 21, 130),
('2025-01-01', 6, 22, 130),
('2025-01-01', 6, 23, 130),
('2025-01-01', 6, 24, 130),
('2025-01-01', 6, 25, 130),
('2025-01-01', 6, 26, 130),
('2025-01-01', 6, 27, 130),
('2025-01-01', 6, 28, 130),
('2025-01-01', 6, 29, 130),
('2025-01-01', 6, 30, 130),
('2025-01-01', 6, 31, 130),
('2025-01-01', 6, 32, 130),
('2025-01-01', 6, 33, 130),
('2025-01-01', 6, 34, 130),
('2025-01-01', 6, 35, 130),
('2025-01-01', 6, 36, 130),
('2025-01-01', 6, 37, 130),
('2025-01-01', 6, 38, 130),
('2025-01-01', 6, 39, 130),
('2025-01-01', 6, 40, 130),
('2025-01-01', 6, 41, 130),
('2025-01-01', 6, 42, 130),
('2025-01-01', 6, 43, 130),
('2025-01-01', 6, 44, 130),
('2025-01-01', 6, 45, 130),
('2025-01-01', 6, 46, 130),
('2025-01-01', 6, 47, 130),
('2025-01-01', 6, 48, 130),
('2025-01-01', 6, 49, 130),
('2025-01-01', 6, 50, 130),
('2025-01-01', 6, 51, 130),
('2025-01-01', 6, 52, 130),
('2025-01-01', 6, 53, 130),
('2025-01-01', 6, 54, 130),
('2025-01-01', 6, 55, 130),
('2025-01-01', 6, 56, 130),
('2025-01-01', 6, 57, 130),
('2025-01-01', 6, 58, 130),
('2025-01-01', 6, 59, 130),
('2025-01-01', 6, 60, 130),
('2025-01-01', 6, 61, 130),
('2025-01-01', 6, 62, 130),
('2025-01-01', 6, 63, 130),
('2025-01-01', 6, 64, 130),
('2025-01-01', 6, 65, 130),
('2025-01-01', 6, 66, 130),
('2025-01-01', 6, 67, 130),
('2025-01-01', 6, 68, 130),
('2025-01-01', 6, 69, 130),
('2025-01-01', 6, 70, 130),
('2025-01-01', 6, 71, 130),
('2025-01-01', 6, 72, 130),
('2025-01-01', 6, 73, 130),
('2025-01-01', 6, 74, 130),
('2025-01-01', 6, 75, 130),
('2025-01-01', 6, 76, 130),
('2025-01-01', 6, 77, 130),
('2025-01-01', 6, 78, 130),
('2025-01-01', 6, 79, 130),
('2025-01-01', 6, 80, 130),
('2025-01-01', 6, 81, 130),
('2025-01-01', 6, 82, 130),
('2025-01-01', 6, 83, 130),
('2025-01-01', 6, 84, 130),
('2025-01-01', 6, 85, 130),
('2025-01-01', 6, 86, 130),
('2025-01-01', 6, 87, 130),
('2025-01-01', 6, 88, 130),
('2025-01-01', 6, 89, 130),
('2025-01-01', 6, 90, 130),
('2025-01-01', 6, 91, 130),
('2025-01-01', 6, 92, 130),
('2025-01-01', 6, 93, 130),
('2025-01-01', 6, 94, 130),
('2025-01-01', 6, 95, 130),
('2025-01-01', 6, 96, 130),
('2025-01-01', 6, 97, 130),
('2025-01-01', 6, 98, 130),
('2025-01-01', 6, 99, 130),
('2025-01-01', 6, 100, 130),
('2025-01-01', 6, 101, 130),
('2025-01-01', 6, 102, 130),
('2025-01-01', 6, 103, 130),
('2025-01-01', 6, 104, 130),
('2025-01-01', 6, 105, 130),
('2025-01-01', 6, 106, 130),
('2025-01-01', 6, 107, 130),
('2025-01-01', 6, 108, 130),
('2025-01-01', 6, 109, 130),
('2025-01-01', 6, 110, 130),
('2025-01-01', 6, 111, 130),
('2025-01-01', 6, 112, 130),
('2025-01-01', 6, 113, 130),
('2025-01-01', 6, 114, 130),
('2025-01-01', 6, 115, 130),
('2025-01-01', 6, 116, 130),
('2025-01-01', 6, 117, 130),
('2025-01-01', 6, 118, 130),
('2025-01-01', 6, 119, 130),
('2025-01-01', 6, 120, 130),
('2025-01-01', 6, 121, 130),
('2025-01-01', 6, 122, 130),
('2025-01-01', 6, 123, 130),
('2025-01-01', 6, 124, 130),
('2025-01-01', 6, 125, 130),
('2025-01-01', 6, 126, 130),
('2025-01-01', 7, 1, 143),
('2025-01-01', 7, 2, 143),
('2025-01-01', 7, 3, 143),
('2025-01-01', 7, 4, 143),
('2025-01-01', 7, 5, 143),
('2025-01-01', 7, 6, 143),
('2025-01-01', 7, 7, 143),
('2025-01-01', 7, 8, 143),
('2025-01-01', 7, 9, 143),
('2025-01-01', 7, 10, 143),
('2025-01-01', 7, 11, 143),
('2025-01-01', 7, 12, 143),
('2025-01-01', 7, 13, 143),
('2025-01-01', 7, 14, 143),
('2025-01-01', 7, 15, 143),
('2025-01-01', 7, 16, 143),
('2025-01-01', 7, 17, 143),
('2025-01-01', 7, 18, 143),
('2025-01-01', 7, 19, 143),
('2025-01-01', 7, 20, 143),
('2025-01-01', 7, 21, 143),
('2025-01-01', 7, 22, 143),
('2025-01-01', 7, 23, 143),
('2025-01-01', 7, 24, 143),
('2025-01-01', 7, 25, 143),
('2025-01-01', 7, 26, 143),
('2025-01-01', 7, 27, 143),
('2025-01-01', 7, 28, 143),
('2025-01-01', 7, 29, 143),
('2025-01-01', 7, 30, 143),
('2025-01-01', 7, 31, 143),
('2025-01-01', 7, 32, 143),
('2025-01-01', 7, 33, 143),
('2025-01-01', 7, 34, 143),
('2025-01-01', 7, 35, 143),
('2025-01-01', 7, 36, 143),
('2025-01-01', 7, 37, 143),
('2025-01-01', 7, 38, 143),
('2025-01-01', 7, 39, 143),
('2025-01-01', 7, 40, 143),
('2025-01-01', 7, 41, 143),
('2025-01-01', 7, 42, 143),
('2025-01-01', 7, 43, 143),
('2025-01-01', 7, 44, 143),
('2025-01-01', 7, 45, 143),
('2025-01-01', 7, 46, 143),
('2025-01-01', 7, 47, 143),
('2025-01-01', 7, 48, 143),
('2025-01-01', 7, 49, 143),
('2025-01-01', 7, 50, 143),
('2025-01-01', 7, 51, 143),
('2025-01-01', 7, 52, 143),
('2025-01-01', 7, 53, 143),
('2025-01-01', 7, 54, 143),
('2025-01-01', 7, 55, 143),
('2025-01-01', 7, 56, 143),
('2025-01-01', 7, 57, 143),
('2025-01-01', 7, 58, 143),
('2025-01-01', 7, 59, 143),
('2025-01-01', 7, 60, 143),
('2025-01-01', 7, 61, 143),
('2025-01-01', 7, 62, 143),
('2025-01-01', 7, 63, 143),
('2025-01-01', 7, 64, 143),
('2025-01-01', 7, 65, 143),
('2025-01-01', 7, 66, 143),
('2025-01-01', 7, 67, 143),
('2025-01-01', 7, 68, 143),
('2025-01-01', 7, 69, 143),
('2025-01-01', 7, 70, 143),
('2025-01-01', 7, 71, 143),
('2025-01-01', 7, 72, 143),
('2025-01-01', 7, 73, 143),
('2025-01-01', 7, 74, 143),
('2025-01-01', 7, 75, 143),
('2025-01-01', 7, 76, 143),
('2025-01-01', 7, 77, 143),
('2025-01-01', 7, 78, 143),
('2025-01-01', 7, 79, 143),
('2025-01-01', 7, 80, 143),
('2025-01-01', 7, 81, 143),
('2025-01-01', 7, 82, 143),
('2025-01-01', 7, 83, 143),
('2025-01-01', 7, 84, 143),
('2025-01-01', 7, 85, 143),
('2025-01-01', 7, 86, 143),
('2025-01-01', 7, 87, 143),
('2025-01-01', 7, 88, 143),
('2025-01-01', 7, 89, 143),
('2025-01-01', 7, 90, 143),
('2025-01-01', 7, 91, 143),
('2025-01-01', 7, 92, 143),
('2025-01-01', 7, 93, 143),
('2025-01-01', 7, 94, 143),
('2025-01-01', 7, 95, 143),
('2025-01-01', 7, 96, 143),
('2025-01-01', 7, 97, 143),
('2025-01-01', 7, 98, 143),
('2025-01-01', 7, 99, 143),
('2025-01-01', 7, 100, 143),
('2025-01-01', 7, 101, 143),
('2025-01-01', 7, 102, 143),
('2025-01-01', 7, 103, 143),
('2025-01-01', 7, 104, 143),
('2025-01-01', 7, 105, 143),
('2025-01-01', 7, 106, 143),
('2025-01-01', 7, 107, 143),
('2025-01-01', 7, 108, 143),
('2025-01-01', 7, 109, 143),
('2025-01-01', 7, 110, 143),
('2025-01-01', 7, 111, 143),
('2025-01-01', 7, 112, 143),
('2025-01-01', 7, 113, 143),
('2025-01-01', 7, 114, 143),
('2025-01-01', 7, 115, 143),
('2025-01-01', 7, 116, 143),
('2025-01-01', 7, 117, 143),
('2025-01-01', 7, 118, 143),
('2025-01-01', 7, 119, 143),
('2025-01-01', 7, 120, 143),
('2025-01-01', 7, 121, 143),
('2025-01-01', 7, 122, 143),
('2025-01-01', 7, 123, 143),
('2025-01-01', 7, 124, 143),
('2025-01-01', 7, 125, 143),
('2025-01-01', 7, 126, 143),
('2025-06-01', 1, 1, 93.6),
('2025-06-01', 1, 2, 93.6),
('2025-06-01', 1, 3, 93.6),
('2025-06-01', 1, 4, 93.6),
('2025-06-01', 1, 5, 93.6),
('2025-06-01', 1, 6, 93.6),
('2025-06-01', 1, 7, 93.6),
('2025-06-01', 1, 8, 93.6),
('2025-06-01', 1, 9, 93.6),
('2025-06-01', 1, 10, 93.6),
('2025-06-01', 1, 11, 93.6),
('2025-06-01', 1, 12, 93.6),
('2025-06-01', 1, 13, 93.6),
('2025-06-01', 1, 14, 93.6),
('2025-06-01', 1, 15, 93.6),
('2025-06-01', 1, 16, 93.6),
('2025-06-01', 1, 17, 93.6),
('2025-06-01', 1, 18, 93.6),
('2025-06-01', 1, 19, 93.6),
('2025-06-01', 1, 20, 93.6),
('2025-06-01', 1, 21, 93.6),
('2025-06-01', 1, 22, 93.6),
('2025-06-01', 1, 23, 93.6),
('2025-06-01', 1, 24, 93.6),
('2025-06-01', 1, 25, 93.6),
('2025-06-01', 1, 26, 93.6),
('2025-06-01', 1, 27, 93.6),
('2025-06-01', 1, 28, 93.6),
('2025-06-01', 1, 29, 93.6),
('2025-06-01', 1, 30, 93.6),
('2025-06-01', 1, 31, 93.6),
('2025-06-01', 1, 32, 93.6),
('2025-06-01', 1, 33, 93.6),
('2025-06-01', 1, 34, 93.6),
('2025-06-01', 1, 35, 93.6),
('2025-06-01', 1, 36, 93.6),
('2025-06-01', 1, 37, 93.6),
('2025-06-01', 1, 38, 93.6),
('2025-06-01', 1, 39, 93.6),
('2025-06-01', 1, 40, 93.6),
('2025-06-01', 1, 41, 93.6),
('2025-06-01', 1, 42, 93.6),
('2025-06-01', 1, 43, 93.6),
('2025-06-01', 1, 44, 93.6),
('2025-06-01', 1, 45, 93.6),
('2025-06-01', 1, 46, 93.6),
('2025-06-01', 1, 47, 93.6),
('2025-06-01', 1, 48, 93.6),
('2025-06-01', 1, 49, 93.6),
('2025-06-01', 1, 50, 93.6),
('2025-06-01', 1, 51, 93.6),
('2025-06-01', 1, 52, 93.6),
('2025-06-01', 1, 53, 93.6),
('2025-06-01', 1, 54, 93.6),
('2025-06-01', 1, 55, 93.6),
('2025-06-01', 1, 56, 93.6),
('2025-06-01', 1, 57, 93.6),
('2025-06-01', 1, 58, 93.6),
('2025-06-01', 1, 59, 93.6),
('2025-06-01', 1, 60, 93.6),
('2025-06-01', 1, 61, 93.6),
('2025-06-01', 1, 62, 93.6),
('2025-06-01', 1, 63, 93.6),
('2025-06-01', 1, 64, 93.6),
('2025-06-01', 1, 65, 93.6),
('2025-06-01', 1, 66, 93.6),
('2025-06-01', 1, 67, 93.6),
('2025-06-01', 1, 68, 93.6),
('2025-06-01', 1, 69, 93.6),
('2025-06-01', 1, 70, 93.6),
('2025-06-01', 1, 71, 93.6),
('2025-06-01', 1, 72, 93.6),
('2025-06-01', 1, 73, 93.6),
('2025-06-01', 1, 74, 93.6),
('2025-06-01', 1, 75, 93.6),
('2025-06-01', 1, 76, 93.6),
('2025-06-01', 1, 77, 93.6),
('2025-06-01', 1, 78, 93.6),
('2025-06-01', 1, 79, 93.6),
('2025-06-01', 1, 80, 93.6),
('2025-06-01', 1, 81, 93.6),
('2025-06-01', 1, 82, 93.6),
('2025-06-01', 1, 83, 93.6),
('2025-06-01', 1, 84, 93.6),
('2025-06-01', 1, 85, 93.6),
('2025-06-01', 1, 86, 93.6),
('2025-06-01', 1, 87, 93.6),
('2025-06-01', 1, 88, 93.6),
('2025-06-01', 1, 89, 93.6),
('2025-06-01', 1, 90, 93.6),
('2025-06-01', 1, 91, 93.6),
('2025-06-01', 1, 92, 93.6),
('2025-06-01', 1, 93, 93.6),
('2025-06-01', 1, 94, 93.6),
('2025-06-01', 1, 95, 93.6),
('2025-06-01', 1, 96, 93.6),
('2025-06-01', 1, 97, 93.6),
('2025-06-01', 1, 98, 93.6),
('2025-06-01', 1, 99, 93.6),
('2025-06-01', 1, 100, 93.6),
('2025-06-01', 1, 101, 93.6),
('2025-06-01', 1, 102, 93.6),
('2025-06-01', 1, 103, 93.6),
('2025-06-01', 1, 104, 93.6),
('2025-06-01', 1, 105, 93.6),
('2025-06-01', 1, 106, 93.6),
('2025-06-01', 1, 107, 93.6),
('2025-06-01', 1, 108, 93.6),
('2025-06-01', 1, 109, 93.6),
('2025-06-01', 1, 110, 93.6),
('2025-06-01', 1, 111, 93.6),
('2025-06-01', 1, 112, 93.6),
('2025-06-01', 1, 113, 93.6);
INSERT INTO `tarifer` (`dateDeb`, `idType`, `code`, `tarif`) VALUES
('2025-06-01', 1, 114, 93.6),
('2025-06-01', 1, 115, 93.6),
('2025-06-01', 1, 116, 93.6),
('2025-06-01', 1, 117, 93.6),
('2025-06-01', 1, 118, 93.6),
('2025-06-01', 1, 119, 93.6),
('2025-06-01', 1, 120, 93.6),
('2025-06-01', 1, 121, 93.6),
('2025-06-01', 1, 122, 93.6),
('2025-06-01', 1, 123, 93.6),
('2025-06-01', 1, 124, 93.6),
('2025-06-01', 1, 125, 93.6),
('2025-06-01', 1, 126, 93.6),
('2025-06-01', 2, 1, 78),
('2025-06-01', 2, 2, 78),
('2025-06-01', 2, 3, 78),
('2025-06-01', 2, 4, 78),
('2025-06-01', 2, 5, 78),
('2025-06-01', 2, 6, 78),
('2025-06-01', 2, 7, 78),
('2025-06-01', 2, 8, 78),
('2025-06-01', 2, 9, 78),
('2025-06-01', 2, 10, 78),
('2025-06-01', 2, 11, 78),
('2025-06-01', 2, 12, 78),
('2025-06-01', 2, 13, 78),
('2025-06-01', 2, 14, 78),
('2025-06-01', 2, 15, 78),
('2025-06-01', 2, 16, 78),
('2025-06-01', 2, 17, 78),
('2025-06-01', 2, 18, 78),
('2025-06-01', 2, 19, 78),
('2025-06-01', 2, 20, 78),
('2025-06-01', 2, 21, 78),
('2025-06-01', 2, 22, 78),
('2025-06-01', 2, 23, 78),
('2025-06-01', 2, 24, 78),
('2025-06-01', 2, 25, 78),
('2025-06-01', 2, 26, 78),
('2025-06-01', 2, 27, 78),
('2025-06-01', 2, 28, 78),
('2025-06-01', 2, 29, 78),
('2025-06-01', 2, 30, 78),
('2025-06-01', 2, 31, 78),
('2025-06-01', 2, 32, 78),
('2025-06-01', 2, 33, 78),
('2025-06-01', 2, 34, 78),
('2025-06-01', 2, 35, 78),
('2025-06-01', 2, 36, 78),
('2025-06-01', 2, 37, 78),
('2025-06-01', 2, 38, 78),
('2025-06-01', 2, 39, 78),
('2025-06-01', 2, 40, 78),
('2025-06-01', 2, 41, 78),
('2025-06-01', 2, 42, 78),
('2025-06-01', 2, 43, 78),
('2025-06-01', 2, 44, 78),
('2025-06-01', 2, 45, 78),
('2025-06-01', 2, 46, 78),
('2025-06-01', 2, 47, 78),
('2025-06-01', 2, 48, 78),
('2025-06-01', 2, 49, 78),
('2025-06-01', 2, 50, 78),
('2025-06-01', 2, 51, 78),
('2025-06-01', 2, 52, 78),
('2025-06-01', 2, 53, 78),
('2025-06-01', 2, 54, 78),
('2025-06-01', 2, 55, 78),
('2025-06-01', 2, 56, 78),
('2025-06-01', 2, 57, 78),
('2025-06-01', 2, 58, 78),
('2025-06-01', 2, 59, 78),
('2025-06-01', 2, 60, 78),
('2025-06-01', 2, 61, 78),
('2025-06-01', 2, 62, 78),
('2025-06-01', 2, 63, 78),
('2025-06-01', 2, 64, 78),
('2025-06-01', 2, 65, 78),
('2025-06-01', 2, 66, 78),
('2025-06-01', 2, 67, 78),
('2025-06-01', 2, 68, 78),
('2025-06-01', 2, 69, 78),
('2025-06-01', 2, 70, 78),
('2025-06-01', 2, 71, 78),
('2025-06-01', 2, 72, 78),
('2025-06-01', 2, 73, 78),
('2025-06-01', 2, 74, 78),
('2025-06-01', 2, 75, 78),
('2025-06-01', 2, 76, 78),
('2025-06-01', 2, 77, 78),
('2025-06-01', 2, 78, 78),
('2025-06-01', 2, 79, 78),
('2025-06-01', 2, 80, 78),
('2025-06-01', 2, 81, 78),
('2025-06-01', 2, 82, 78),
('2025-06-01', 2, 83, 78),
('2025-06-01', 2, 84, 78),
('2025-06-01', 2, 85, 78),
('2025-06-01', 2, 86, 78),
('2025-06-01', 2, 87, 78),
('2025-06-01', 2, 88, 78),
('2025-06-01', 2, 89, 78),
('2025-06-01', 2, 90, 78),
('2025-06-01', 2, 91, 78),
('2025-06-01', 2, 92, 78),
('2025-06-01', 2, 93, 78),
('2025-06-01', 2, 94, 78),
('2025-06-01', 2, 95, 78),
('2025-06-01', 2, 96, 78),
('2025-06-01', 2, 97, 78),
('2025-06-01', 2, 98, 78),
('2025-06-01', 2, 99, 78),
('2025-06-01', 2, 100, 78),
('2025-06-01', 2, 101, 78),
('2025-06-01', 2, 102, 78),
('2025-06-01', 2, 103, 78),
('2025-06-01', 2, 104, 78),
('2025-06-01', 2, 105, 78),
('2025-06-01', 2, 106, 78),
('2025-06-01', 2, 107, 78),
('2025-06-01', 2, 108, 78),
('2025-06-01', 2, 109, 78),
('2025-06-01', 2, 110, 78),
('2025-06-01', 2, 111, 78),
('2025-06-01', 2, 112, 78),
('2025-06-01', 2, 113, 78),
('2025-06-01', 2, 114, 78),
('2025-06-01', 2, 115, 78),
('2025-06-01', 2, 116, 78),
('2025-06-01', 2, 117, 78),
('2025-06-01', 2, 118, 78),
('2025-06-01', 2, 119, 78),
('2025-06-01', 2, 120, 78),
('2025-06-01', 2, 121, 78),
('2025-06-01', 2, 122, 78),
('2025-06-01', 2, 123, 78),
('2025-06-01', 2, 124, 78),
('2025-06-01', 2, 125, 78),
('2025-06-01', 2, 126, 78),
('2025-06-01', 3, 1, 85.8),
('2025-06-01', 3, 2, 85.8),
('2025-06-01', 3, 3, 85.8),
('2025-06-01', 3, 4, 85.8),
('2025-06-01', 3, 5, 85.8),
('2025-06-01', 3, 6, 85.8),
('2025-06-01', 3, 7, 85.8),
('2025-06-01', 3, 8, 85.8),
('2025-06-01', 3, 9, 85.8),
('2025-06-01', 3, 10, 85.8),
('2025-06-01', 3, 11, 85.8),
('2025-06-01', 3, 12, 85.8),
('2025-06-01', 3, 13, 85.8),
('2025-06-01', 3, 14, 85.8),
('2025-06-01', 3, 15, 85.8),
('2025-06-01', 3, 16, 85.8),
('2025-06-01', 3, 17, 85.8),
('2025-06-01', 3, 18, 85.8),
('2025-06-01', 3, 19, 85.8),
('2025-06-01', 3, 20, 85.8),
('2025-06-01', 3, 21, 85.8),
('2025-06-01', 3, 22, 85.8),
('2025-06-01', 3, 23, 85.8),
('2025-06-01', 3, 24, 85.8),
('2025-06-01', 3, 25, 85.8),
('2025-06-01', 3, 26, 85.8),
('2025-06-01', 3, 27, 85.8),
('2025-06-01', 3, 28, 85.8),
('2025-06-01', 3, 29, 85.8),
('2025-06-01', 3, 30, 85.8),
('2025-06-01', 3, 31, 85.8),
('2025-06-01', 3, 32, 85.8),
('2025-06-01', 3, 33, 85.8),
('2025-06-01', 3, 34, 85.8),
('2025-06-01', 3, 35, 85.8),
('2025-06-01', 3, 36, 85.8),
('2025-06-01', 3, 37, 85.8),
('2025-06-01', 3, 38, 85.8),
('2025-06-01', 3, 39, 85.8),
('2025-06-01', 3, 40, 85.8),
('2025-06-01', 3, 41, 85.8),
('2025-06-01', 3, 42, 85.8),
('2025-06-01', 3, 43, 85.8),
('2025-06-01', 3, 44, 85.8),
('2025-06-01', 3, 45, 85.8),
('2025-06-01', 3, 46, 85.8),
('2025-06-01', 3, 47, 85.8),
('2025-06-01', 3, 48, 85.8),
('2025-06-01', 3, 49, 85.8),
('2025-06-01', 3, 50, 85.8),
('2025-06-01', 3, 51, 85.8),
('2025-06-01', 3, 52, 85.8),
('2025-06-01', 3, 53, 85.8),
('2025-06-01', 3, 54, 85.8),
('2025-06-01', 3, 55, 85.8),
('2025-06-01', 3, 56, 85.8),
('2025-06-01', 3, 57, 85.8),
('2025-06-01', 3, 58, 85.8),
('2025-06-01', 3, 59, 85.8),
('2025-06-01', 3, 60, 85.8),
('2025-06-01', 3, 61, 85.8),
('2025-06-01', 3, 62, 85.8),
('2025-06-01', 3, 63, 85.8),
('2025-06-01', 3, 64, 85.8),
('2025-06-01', 3, 65, 85.8),
('2025-06-01', 3, 66, 85.8),
('2025-06-01', 3, 67, 85.8),
('2025-06-01', 3, 68, 85.8),
('2025-06-01', 3, 69, 85.8),
('2025-06-01', 3, 70, 85.8),
('2025-06-01', 3, 71, 85.8),
('2025-06-01', 3, 72, 85.8),
('2025-06-01', 3, 73, 85.8),
('2025-06-01', 3, 74, 85.8),
('2025-06-01', 3, 75, 85.8),
('2025-06-01', 3, 76, 85.8),
('2025-06-01', 3, 77, 85.8),
('2025-06-01', 3, 78, 85.8),
('2025-06-01', 3, 79, 85.8),
('2025-06-01', 3, 80, 85.8),
('2025-06-01', 3, 81, 85.8),
('2025-06-01', 3, 82, 85.8),
('2025-06-01', 3, 83, 85.8),
('2025-06-01', 3, 84, 85.8),
('2025-06-01', 3, 85, 85.8),
('2025-06-01', 3, 86, 85.8),
('2025-06-01', 3, 87, 85.8),
('2025-06-01', 3, 88, 85.8),
('2025-06-01', 3, 89, 85.8),
('2025-06-01', 3, 90, 85.8),
('2025-06-01', 3, 91, 85.8),
('2025-06-01', 3, 92, 85.8),
('2025-06-01', 3, 93, 85.8),
('2025-06-01', 3, 94, 85.8),
('2025-06-01', 3, 95, 85.8),
('2025-06-01', 3, 96, 85.8),
('2025-06-01', 3, 97, 85.8),
('2025-06-01', 3, 98, 85.8),
('2025-06-01', 3, 99, 85.8),
('2025-06-01', 3, 100, 85.8),
('2025-06-01', 3, 101, 85.8),
('2025-06-01', 3, 102, 85.8),
('2025-06-01', 3, 103, 85.8),
('2025-06-01', 3, 104, 85.8),
('2025-06-01', 3, 105, 85.8),
('2025-06-01', 3, 106, 85.8),
('2025-06-01', 3, 107, 85.8),
('2025-06-01', 3, 108, 85.8),
('2025-06-01', 3, 109, 85.8),
('2025-06-01', 3, 110, 85.8),
('2025-06-01', 3, 111, 85.8),
('2025-06-01', 3, 112, 85.8),
('2025-06-01', 3, 113, 85.8),
('2025-06-01', 3, 114, 85.8),
('2025-06-01', 3, 115, 85.8),
('2025-06-01', 3, 116, 85.8),
('2025-06-01', 3, 117, 85.8),
('2025-06-01', 3, 118, 85.8),
('2025-06-01', 3, 119, 85.8),
('2025-06-01', 3, 120, 85.8),
('2025-06-01', 3, 121, 85.8),
('2025-06-01', 3, 122, 85.8),
('2025-06-01', 3, 123, 85.8),
('2025-06-01', 3, 124, 85.8),
('2025-06-01', 3, 125, 85.8),
('2025-06-01', 3, 126, 85.8),
('2025-06-01', 4, 1, 117),
('2025-06-01', 4, 2, 117),
('2025-06-01', 4, 3, 117),
('2025-06-01', 4, 4, 117),
('2025-06-01', 4, 5, 117),
('2025-06-01', 4, 6, 117),
('2025-06-01', 4, 7, 117),
('2025-06-01', 4, 8, 117),
('2025-06-01', 4, 9, 117),
('2025-06-01', 4, 10, 117),
('2025-06-01', 4, 11, 117),
('2025-06-01', 4, 12, 117),
('2025-06-01', 4, 13, 117),
('2025-06-01', 4, 14, 117),
('2025-06-01', 4, 15, 117),
('2025-06-01', 4, 16, 117),
('2025-06-01', 4, 17, 117),
('2025-06-01', 4, 18, 117),
('2025-06-01', 4, 19, 117),
('2025-06-01', 4, 20, 117),
('2025-06-01', 4, 21, 117),
('2025-06-01', 4, 22, 117),
('2025-06-01', 4, 23, 117),
('2025-06-01', 4, 24, 117),
('2025-06-01', 4, 25, 117),
('2025-06-01', 4, 26, 117),
('2025-06-01', 4, 27, 117),
('2025-06-01', 4, 28, 117),
('2025-06-01', 4, 29, 117),
('2025-06-01', 4, 30, 117),
('2025-06-01', 4, 31, 117),
('2025-06-01', 4, 32, 117),
('2025-06-01', 4, 33, 117),
('2025-06-01', 4, 34, 117),
('2025-06-01', 4, 35, 117),
('2025-06-01', 4, 36, 117),
('2025-06-01', 4, 37, 117),
('2025-06-01', 4, 38, 117),
('2025-06-01', 4, 39, 117),
('2025-06-01', 4, 40, 117),
('2025-06-01', 4, 41, 117),
('2025-06-01', 4, 42, 117),
('2025-06-01', 4, 43, 117),
('2025-06-01', 4, 44, 117),
('2025-06-01', 4, 45, 117),
('2025-06-01', 4, 46, 117),
('2025-06-01', 4, 47, 117),
('2025-06-01', 4, 48, 117),
('2025-06-01', 4, 49, 117),
('2025-06-01', 4, 50, 117),
('2025-06-01', 4, 51, 117),
('2025-06-01', 4, 52, 117),
('2025-06-01', 4, 53, 117),
('2025-06-01', 4, 54, 117),
('2025-06-01', 4, 55, 117),
('2025-06-01', 4, 56, 117),
('2025-06-01', 4, 57, 117),
('2025-06-01', 4, 58, 117),
('2025-06-01', 4, 59, 117),
('2025-06-01', 4, 60, 117),
('2025-06-01', 4, 61, 117),
('2025-06-01', 4, 62, 117),
('2025-06-01', 4, 63, 117),
('2025-06-01', 4, 64, 117),
('2025-06-01', 4, 65, 117),
('2025-06-01', 4, 66, 117),
('2025-06-01', 4, 67, 117),
('2025-06-01', 4, 68, 117),
('2025-06-01', 4, 69, 117),
('2025-06-01', 4, 70, 117),
('2025-06-01', 4, 71, 117),
('2025-06-01', 4, 72, 117),
('2025-06-01', 4, 73, 117),
('2025-06-01', 4, 74, 117),
('2025-06-01', 4, 75, 117),
('2025-06-01', 4, 76, 117),
('2025-06-01', 4, 77, 117),
('2025-06-01', 4, 78, 117),
('2025-06-01', 4, 79, 117),
('2025-06-01', 4, 80, 117),
('2025-06-01', 4, 81, 117),
('2025-06-01', 4, 82, 117),
('2025-06-01', 4, 83, 117),
('2025-06-01', 4, 84, 117),
('2025-06-01', 4, 85, 117),
('2025-06-01', 4, 86, 117),
('2025-06-01', 4, 87, 117),
('2025-06-01', 4, 88, 117),
('2025-06-01', 4, 89, 117),
('2025-06-01', 4, 90, 117),
('2025-06-01', 4, 91, 117),
('2025-06-01', 4, 92, 117),
('2025-06-01', 4, 93, 117),
('2025-06-01', 4, 94, 117),
('2025-06-01', 4, 95, 117),
('2025-06-01', 4, 96, 117),
('2025-06-01', 4, 97, 117),
('2025-06-01', 4, 98, 117),
('2025-06-01', 4, 99, 117),
('2025-06-01', 4, 100, 117),
('2025-06-01', 4, 101, 117),
('2025-06-01', 4, 102, 117),
('2025-06-01', 4, 103, 117),
('2025-06-01', 4, 104, 117),
('2025-06-01', 4, 105, 117),
('2025-06-01', 4, 106, 117),
('2025-06-01', 4, 107, 117),
('2025-06-01', 4, 108, 117),
('2025-06-01', 4, 109, 117),
('2025-06-01', 4, 110, 117),
('2025-06-01', 4, 111, 117),
('2025-06-01', 4, 112, 117),
('2025-06-01', 4, 113, 117),
('2025-06-01', 4, 114, 117),
('2025-06-01', 4, 115, 117),
('2025-06-01', 4, 116, 117),
('2025-06-01', 4, 117, 117),
('2025-06-01', 4, 118, 117),
('2025-06-01', 4, 119, 117),
('2025-06-01', 4, 120, 117),
('2025-06-01', 4, 121, 117),
('2025-06-01', 4, 122, 117),
('2025-06-01', 4, 123, 117),
('2025-06-01', 4, 124, 117),
('2025-06-01', 4, 125, 117),
('2025-06-01', 4, 126, 117),
('2025-06-01', 5, 1, 101.4),
('2025-06-01', 5, 2, 101.4),
('2025-06-01', 5, 3, 101.4),
('2025-06-01', 5, 4, 101.4),
('2025-06-01', 5, 5, 101.4),
('2025-06-01', 5, 6, 101.4),
('2025-06-01', 5, 7, 101.4),
('2025-06-01', 5, 8, 101.4),
('2025-06-01', 5, 9, 101.4),
('2025-06-01', 5, 10, 101.4),
('2025-06-01', 5, 11, 101.4),
('2025-06-01', 5, 12, 101.4),
('2025-06-01', 5, 13, 101.4),
('2025-06-01', 5, 14, 101.4),
('2025-06-01', 5, 15, 101.4),
('2025-06-01', 5, 16, 101.4),
('2025-06-01', 5, 17, 101.4),
('2025-06-01', 5, 18, 101.4),
('2025-06-01', 5, 19, 101.4),
('2025-06-01', 5, 20, 101.4),
('2025-06-01', 5, 21, 101.4),
('2025-06-01', 5, 22, 101.4),
('2025-06-01', 5, 23, 101.4),
('2025-06-01', 5, 24, 101.4),
('2025-06-01', 5, 25, 101.4),
('2025-06-01', 5, 26, 101.4),
('2025-06-01', 5, 27, 101.4),
('2025-06-01', 5, 28, 101.4),
('2025-06-01', 5, 29, 101.4),
('2025-06-01', 5, 30, 101.4),
('2025-06-01', 5, 31, 101.4),
('2025-06-01', 5, 32, 101.4),
('2025-06-01', 5, 33, 101.4),
('2025-06-01', 5, 34, 101.4),
('2025-06-01', 5, 35, 101.4),
('2025-06-01', 5, 36, 101.4),
('2025-06-01', 5, 37, 101.4),
('2025-06-01', 5, 38, 101.4),
('2025-06-01', 5, 39, 101.4),
('2025-06-01', 5, 40, 101.4),
('2025-06-01', 5, 41, 101.4),
('2025-06-01', 5, 42, 101.4),
('2025-06-01', 5, 43, 101.4),
('2025-06-01', 5, 44, 101.4),
('2025-06-01', 5, 45, 101.4),
('2025-06-01', 5, 46, 101.4),
('2025-06-01', 5, 47, 101.4),
('2025-06-01', 5, 48, 101.4),
('2025-06-01', 5, 49, 101.4),
('2025-06-01', 5, 50, 101.4),
('2025-06-01', 5, 51, 101.4),
('2025-06-01', 5, 52, 101.4),
('2025-06-01', 5, 53, 101.4),
('2025-06-01', 5, 54, 101.4),
('2025-06-01', 5, 55, 101.4),
('2025-06-01', 5, 56, 101.4),
('2025-06-01', 5, 57, 101.4),
('2025-06-01', 5, 58, 101.4),
('2025-06-01', 5, 59, 101.4),
('2025-06-01', 5, 60, 101.4),
('2025-06-01', 5, 61, 101.4),
('2025-06-01', 5, 62, 101.4),
('2025-06-01', 5, 63, 101.4),
('2025-06-01', 5, 64, 101.4),
('2025-06-01', 5, 65, 101.4),
('2025-06-01', 5, 66, 101.4),
('2025-06-01', 5, 67, 101.4),
('2025-06-01', 5, 68, 101.4),
('2025-06-01', 5, 69, 101.4),
('2025-06-01', 5, 70, 101.4),
('2025-06-01', 5, 71, 101.4),
('2025-06-01', 5, 72, 101.4),
('2025-06-01', 5, 73, 101.4),
('2025-06-01', 5, 74, 101.4),
('2025-06-01', 5, 75, 101.4),
('2025-06-01', 5, 76, 101.4),
('2025-06-01', 5, 77, 101.4),
('2025-06-01', 5, 78, 101.4),
('2025-06-01', 5, 79, 101.4),
('2025-06-01', 5, 80, 101.4),
('2025-06-01', 5, 81, 101.4),
('2025-06-01', 5, 82, 101.4),
('2025-06-01', 5, 83, 101.4),
('2025-06-01', 5, 84, 101.4),
('2025-06-01', 5, 85, 101.4),
('2025-06-01', 5, 86, 101.4),
('2025-06-01', 5, 87, 101.4),
('2025-06-01', 5, 88, 101.4),
('2025-06-01', 5, 89, 101.4),
('2025-06-01', 5, 90, 101.4),
('2025-06-01', 5, 91, 101.4),
('2025-06-01', 5, 92, 101.4),
('2025-06-01', 5, 93, 101.4),
('2025-06-01', 5, 94, 101.4),
('2025-06-01', 5, 95, 101.4),
('2025-06-01', 5, 96, 101.4),
('2025-06-01', 5, 97, 101.4),
('2025-06-01', 5, 98, 101.4),
('2025-06-01', 5, 99, 101.4),
('2025-06-01', 5, 100, 101.4),
('2025-06-01', 5, 101, 101.4),
('2025-06-01', 5, 102, 101.4),
('2025-06-01', 5, 103, 101.4),
('2025-06-01', 5, 104, 101.4),
('2025-06-01', 5, 105, 101.4),
('2025-06-01', 5, 106, 101.4),
('2025-06-01', 5, 107, 101.4),
('2025-06-01', 5, 108, 101.4),
('2025-06-01', 5, 109, 101.4),
('2025-06-01', 5, 110, 101.4),
('2025-06-01', 5, 111, 101.4),
('2025-06-01', 5, 112, 101.4),
('2025-06-01', 5, 113, 101.4),
('2025-06-01', 5, 114, 101.4),
('2025-06-01', 5, 115, 101.4),
('2025-06-01', 5, 116, 101.4),
('2025-06-01', 5, 117, 101.4),
('2025-06-01', 5, 118, 101.4),
('2025-06-01', 5, 119, 101.4),
('2025-06-01', 5, 120, 101.4),
('2025-06-01', 5, 121, 101.4),
('2025-06-01', 5, 122, 101.4),
('2025-06-01', 5, 123, 101.4),
('2025-06-01', 5, 124, 101.4),
('2025-06-01', 5, 125, 101.4),
('2025-06-01', 5, 126, 101.4),
('2025-06-01', 6, 1, 156),
('2025-06-01', 6, 2, 156),
('2025-06-01', 6, 3, 156),
('2025-06-01', 6, 4, 156),
('2025-06-01', 6, 5, 156),
('2025-06-01', 6, 6, 156),
('2025-06-01', 6, 7, 156),
('2025-06-01', 6, 8, 156),
('2025-06-01', 6, 9, 156),
('2025-06-01', 6, 10, 156),
('2025-06-01', 6, 11, 156),
('2025-06-01', 6, 12, 156),
('2025-06-01', 6, 13, 156),
('2025-06-01', 6, 14, 156),
('2025-06-01', 6, 15, 156),
('2025-06-01', 6, 16, 156),
('2025-06-01', 6, 17, 156),
('2025-06-01', 6, 18, 156),
('2025-06-01', 6, 19, 156),
('2025-06-01', 6, 20, 156),
('2025-06-01', 6, 21, 156),
('2025-06-01', 6, 22, 156),
('2025-06-01', 6, 23, 156),
('2025-06-01', 6, 24, 156),
('2025-06-01', 6, 25, 156),
('2025-06-01', 6, 26, 156),
('2025-06-01', 6, 27, 156),
('2025-06-01', 6, 28, 156),
('2025-06-01', 6, 29, 156),
('2025-06-01', 6, 30, 156),
('2025-06-01', 6, 31, 156),
('2025-06-01', 6, 32, 156),
('2025-06-01', 6, 33, 156),
('2025-06-01', 6, 34, 156),
('2025-06-01', 6, 35, 156),
('2025-06-01', 6, 36, 156),
('2025-06-01', 6, 37, 156),
('2025-06-01', 6, 38, 156),
('2025-06-01', 6, 39, 156),
('2025-06-01', 6, 40, 156),
('2025-06-01', 6, 41, 156),
('2025-06-01', 6, 42, 156),
('2025-06-01', 6, 43, 156),
('2025-06-01', 6, 44, 156),
('2025-06-01', 6, 45, 156),
('2025-06-01', 6, 46, 156),
('2025-06-01', 6, 47, 156),
('2025-06-01', 6, 48, 156),
('2025-06-01', 6, 49, 156),
('2025-06-01', 6, 50, 156),
('2025-06-01', 6, 51, 156),
('2025-06-01', 6, 52, 156),
('2025-06-01', 6, 53, 156),
('2025-06-01', 6, 54, 156),
('2025-06-01', 6, 55, 156),
('2025-06-01', 6, 56, 156),
('2025-06-01', 6, 57, 156),
('2025-06-01', 6, 58, 156),
('2025-06-01', 6, 59, 156),
('2025-06-01', 6, 60, 156),
('2025-06-01', 6, 61, 156),
('2025-06-01', 6, 62, 156),
('2025-06-01', 6, 63, 156),
('2025-06-01', 6, 64, 156),
('2025-06-01', 6, 65, 156),
('2025-06-01', 6, 66, 156),
('2025-06-01', 6, 67, 156),
('2025-06-01', 6, 68, 156),
('2025-06-01', 6, 69, 156),
('2025-06-01', 6, 70, 156),
('2025-06-01', 6, 71, 156),
('2025-06-01', 6, 72, 156),
('2025-06-01', 6, 73, 156),
('2025-06-01', 6, 74, 156),
('2025-06-01', 6, 75, 156),
('2025-06-01', 6, 76, 156),
('2025-06-01', 6, 77, 156),
('2025-06-01', 6, 78, 156),
('2025-06-01', 6, 79, 156),
('2025-06-01', 6, 80, 156),
('2025-06-01', 6, 81, 156),
('2025-06-01', 6, 82, 156),
('2025-06-01', 6, 83, 156),
('2025-06-01', 6, 84, 156),
('2025-06-01', 6, 85, 156),
('2025-06-01', 6, 86, 156),
('2025-06-01', 6, 87, 156),
('2025-06-01', 6, 88, 156),
('2025-06-01', 6, 89, 156),
('2025-06-01', 6, 90, 156),
('2025-06-01', 6, 91, 156),
('2025-06-01', 6, 92, 156),
('2025-06-01', 6, 93, 156),
('2025-06-01', 6, 94, 156),
('2025-06-01', 6, 95, 156),
('2025-06-01', 6, 96, 156),
('2025-06-01', 6, 97, 156),
('2025-06-01', 6, 98, 156),
('2025-06-01', 6, 99, 156),
('2025-06-01', 6, 100, 156),
('2025-06-01', 6, 101, 156),
('2025-06-01', 6, 102, 156),
('2025-06-01', 6, 103, 156),
('2025-06-01', 6, 104, 156),
('2025-06-01', 6, 105, 156),
('2025-06-01', 6, 106, 156),
('2025-06-01', 6, 107, 156),
('2025-06-01', 6, 108, 156),
('2025-06-01', 6, 109, 156),
('2025-06-01', 6, 110, 156),
('2025-06-01', 6, 111, 156),
('2025-06-01', 6, 112, 156),
('2025-06-01', 6, 113, 156),
('2025-06-01', 6, 114, 156),
('2025-06-01', 6, 115, 156),
('2025-06-01', 6, 116, 156),
('2025-06-01', 6, 117, 156),
('2025-06-01', 6, 118, 156),
('2025-06-01', 6, 119, 156),
('2025-06-01', 6, 120, 156),
('2025-06-01', 6, 121, 156),
('2025-06-01', 6, 122, 156),
('2025-06-01', 6, 123, 156),
('2025-06-01', 6, 124, 156),
('2025-06-01', 6, 125, 156),
('2025-06-01', 6, 126, 156),
('2025-06-01', 7, 1, 171.6),
('2025-06-01', 7, 2, 171.6),
('2025-06-01', 7, 3, 171.6),
('2025-06-01', 7, 4, 171.6),
('2025-06-01', 7, 5, 171.6),
('2025-06-01', 7, 6, 171.6),
('2025-06-01', 7, 7, 171.6),
('2025-06-01', 7, 8, 171.6),
('2025-06-01', 7, 9, 171.6),
('2025-06-01', 7, 10, 171.6),
('2025-06-01', 7, 11, 171.6),
('2025-06-01', 7, 12, 171.6),
('2025-06-01', 7, 13, 171.6),
('2025-06-01', 7, 14, 171.6),
('2025-06-01', 7, 15, 171.6),
('2025-06-01', 7, 16, 171.6),
('2025-06-01', 7, 17, 171.6),
('2025-06-01', 7, 18, 171.6),
('2025-06-01', 7, 19, 171.6),
('2025-06-01', 7, 20, 171.6),
('2025-06-01', 7, 21, 171.6),
('2025-06-01', 7, 22, 171.6),
('2025-06-01', 7, 23, 171.6),
('2025-06-01', 7, 24, 171.6),
('2025-06-01', 7, 25, 171.6),
('2025-06-01', 7, 26, 171.6),
('2025-06-01', 7, 27, 171.6),
('2025-06-01', 7, 28, 171.6),
('2025-06-01', 7, 29, 171.6),
('2025-06-01', 7, 30, 171.6),
('2025-06-01', 7, 31, 171.6),
('2025-06-01', 7, 32, 171.6),
('2025-06-01', 7, 33, 171.6),
('2025-06-01', 7, 34, 171.6),
('2025-06-01', 7, 35, 171.6),
('2025-06-01', 7, 36, 171.6),
('2025-06-01', 7, 37, 171.6),
('2025-06-01', 7, 38, 171.6),
('2025-06-01', 7, 39, 171.6),
('2025-06-01', 7, 40, 171.6),
('2025-06-01', 7, 41, 171.6),
('2025-06-01', 7, 42, 171.6),
('2025-06-01', 7, 43, 171.6),
('2025-06-01', 7, 44, 171.6),
('2025-06-01', 7, 45, 171.6),
('2025-06-01', 7, 46, 171.6),
('2025-06-01', 7, 47, 171.6),
('2025-06-01', 7, 48, 171.6),
('2025-06-01', 7, 49, 171.6),
('2025-06-01', 7, 50, 171.6),
('2025-06-01', 7, 51, 171.6),
('2025-06-01', 7, 52, 171.6),
('2025-06-01', 7, 53, 171.6),
('2025-06-01', 7, 54, 171.6),
('2025-06-01', 7, 55, 171.6),
('2025-06-01', 7, 56, 171.6),
('2025-06-01', 7, 57, 171.6),
('2025-06-01', 7, 58, 171.6),
('2025-06-01', 7, 59, 171.6),
('2025-06-01', 7, 60, 171.6),
('2025-06-01', 7, 61, 171.6),
('2025-06-01', 7, 62, 171.6),
('2025-06-01', 7, 63, 171.6),
('2025-06-01', 7, 64, 171.6),
('2025-06-01', 7, 65, 171.6),
('2025-06-01', 7, 66, 171.6),
('2025-06-01', 7, 67, 171.6),
('2025-06-01', 7, 68, 171.6),
('2025-06-01', 7, 69, 171.6),
('2025-06-01', 7, 70, 171.6),
('2025-06-01', 7, 71, 171.6),
('2025-06-01', 7, 72, 171.6),
('2025-06-01', 7, 73, 171.6),
('2025-06-01', 7, 74, 171.6),
('2025-06-01', 7, 75, 171.6),
('2025-06-01', 7, 76, 171.6),
('2025-06-01', 7, 77, 171.6),
('2025-06-01', 7, 78, 171.6),
('2025-06-01', 7, 79, 171.6),
('2025-06-01', 7, 80, 171.6),
('2025-06-01', 7, 81, 171.6),
('2025-06-01', 7, 82, 171.6),
('2025-06-01', 7, 83, 171.6),
('2025-06-01', 7, 84, 171.6),
('2025-06-01', 7, 85, 171.6),
('2025-06-01', 7, 86, 171.6),
('2025-06-01', 7, 87, 171.6),
('2025-06-01', 7, 88, 171.6),
('2025-06-01', 7, 89, 171.6),
('2025-06-01', 7, 90, 171.6),
('2025-06-01', 7, 91, 171.6),
('2025-06-01', 7, 92, 171.6),
('2025-06-01', 7, 93, 171.6),
('2025-06-01', 7, 94, 171.6),
('2025-06-01', 7, 95, 171.6),
('2025-06-01', 7, 96, 171.6),
('2025-06-01', 7, 97, 171.6),
('2025-06-01', 7, 98, 171.6),
('2025-06-01', 7, 99, 171.6),
('2025-06-01', 7, 100, 171.6),
('2025-06-01', 7, 101, 171.6),
('2025-06-01', 7, 102, 171.6),
('2025-06-01', 7, 103, 171.6),
('2025-06-01', 7, 104, 171.6),
('2025-06-01', 7, 105, 171.6),
('2025-06-01', 7, 106, 171.6),
('2025-06-01', 7, 107, 171.6),
('2025-06-01', 7, 108, 171.6),
('2025-06-01', 7, 109, 171.6),
('2025-06-01', 7, 110, 171.6),
('2025-06-01', 7, 111, 171.6),
('2025-06-01', 7, 112, 171.6),
('2025-06-01', 7, 113, 171.6),
('2025-06-01', 7, 114, 171.6),
('2025-06-01', 7, 115, 171.6),
('2025-06-01', 7, 116, 171.6),
('2025-06-01', 7, 117, 171.6),
('2025-06-01', 7, 118, 171.6),
('2025-06-01', 7, 119, 171.6),
('2025-06-01', 7, 120, 171.6),
('2025-06-01', 7, 121, 171.6),
('2025-06-01', 7, 122, 171.6),
('2025-06-01', 7, 123, 171.6),
('2025-06-01', 7, 124, 171.6),
('2025-06-01', 7, 125, 171.6),
('2025-06-01', 7, 126, 171.6);

-- --------------------------------------------------------

--
-- Structure de la table `traversee`
--

CREATE TABLE `traversee` (
  `numTra` int(11) NOT NULL,
  `date` date DEFAULT NULL,
  `heure` time DEFAULT NULL,
  `idBat` int(11) DEFAULT NULL,
  `code` int(11) DEFAULT NULL
) ENGINE=InnoDB DEFAULT CHARSET=utf8mb4;

--
-- Déchargement des données de la table `traversee`
--

INSERT INTO `traversee` (`numTra`, `date`, `heure`, `idBat`, `code`) VALUES
(1, '2024-12-14', '18:26:00', 8, 4),
(2, '2024-12-11', '06:47:00', 9, 4),
(3, '2024-12-13', '07:13:00', 10, 4),
(4, '2024-12-12', '07:11:00', 5, 3),
(5, '2024-12-16', '16:26:00', 8, 3),
(6, '2024-12-14', '18:22:00', 15, 3),
(7, '2024-12-17', '09:11:00', 14, 3),
(8, '2024-12-12', '10:50:00', 2, 3),
(9, '2024-12-17', '18:00:00', 13, 3),
(10, '2024-12-15', '13:44:00', 4, 4),
(11, '2024-12-16', '17:46:00', 16, 4),
(12, '2024-12-14', '13:19:00', 9, 1),
(13, '2024-12-12', '11:50:00', 3, 3),
(14, '2024-12-12', '16:52:00', 4, 2),
(15, '2024-12-14', '09:56:00', 18, 3),
(16, '2024-12-14', '07:06:00', 13, 3),
(17, '2024-12-14', '06:24:00', 5, 2),
(18, '2024-12-17', '10:23:00', 18, 3),
(19, '2024-12-13', '09:29:00', 9, 1),
(20, '2024-12-14', '18:30:00', 9, 4),
(21, '2024-12-16', '08:34:00', 2, 3),
(22, '2024-12-13', '11:56:00', 10, 3),
(23, '2024-12-14', '11:00:00', 5, 4),
(24, '2024-12-11', '16:12:00', 5, 3),
(25, '2024-12-13', '13:25:00', 3, 1),
(26, '2024-12-14', '07:38:00', 12, 1),
(27, '2024-12-15', '08:22:00', 20, 3),
(28, '2024-12-16', '10:03:00', 5, 3),
(29, '2024-12-16', '15:07:00', 1, 3),
(30, '2024-12-14', '07:16:00', 5, 4),
(31, '2024-12-14', '11:02:00', 11, 3),
(32, '2024-12-16', '08:01:00', 13, 2),
(33, '2024-12-13', '12:51:00', 11, 3),
(34, '2024-12-15', '16:37:00', 19, 1),
(35, '2024-12-12', '10:00:00', 1, 2),
(36, '2024-12-17', '09:01:00', 13, 2),
(37, '2024-12-17', '12:04:00', 3, 4),
(38, '2024-12-16', '15:42:00', 14, 3),
(39, '2024-12-14', '09:00:00', 4, 2),
(40, '2024-12-13', '06:39:00', 6, 4),
(41, '2024-12-14', '09:08:00', 19, 2),
(42, '2024-12-17', '09:41:00', 14, 1),
(43, '2024-12-13', '12:27:00', 11, 2),
(44, '2024-12-16', '17:00:00', 5, 2),
(45, '2024-12-15', '16:43:00', 9, 3),
(46, '2024-12-11', '17:05:00', 17, 3),
(47, '2024-12-17', '11:40:00', 20, 2),
(48, '2024-12-17', '11:51:00', 19, 3),
(49, '2024-12-17', '08:41:00', 15, 3),
(50, '2024-12-15', '07:53:00', 2, 2);

--
-- Déclencheurs `traversee`
--
DELIMITER $$
CREATE TRIGGER `DateMinimum` BEFORE INSERT ON `traversee` FOR EACH ROW BEGIN
IF (NEW.date < CURRENT_DATE) THEN
	SIGNAL SQLSTATE '45000'
    SET MESSAGE_TEXT = 'La date de départ ne peut pas être antérieure à aujourd''hui.';
END IF;
END
$$
DELIMITER ;
DELIMITER $$
CREATE TRIGGER `DateMinimumUpdate` BEFORE UPDATE ON `traversee` FOR EACH ROW BEGIN
IF (NEW.date < CURRENT_DATE) THEN
	SIGNAL SQLSTATE '45000'
    SET MESSAGE_TEXT = 'La date de départ ne peut pas être antérieure à aujourd''hui.';
END IF;
END
$$
DELIMITER ;
DELIMITER $$
CREATE TRIGGER `MemeJourCondition` BEFORE INSERT ON `traversee` FOR EACH ROW BEGIN
IF (NEW.date = CURRENT_DATE) THEN
	IF(NEW.heure < CURRENT_TIME) THEN
    	SIGNAL SQLSTATE '45000'
        SET MESSAGE_TEXT = 'L''heure de départ ne peut pas être inférieure à l''heure actuelle si le départ a lieu aujourd''hui';
    END IF;
END IF;
END
$$
DELIMITER ;
DELIMITER $$
CREATE TRIGGER `MemeJourConditionUpdate` BEFORE UPDATE ON `traversee` FOR EACH ROW BEGIN
IF (NEW.date = CURRENT_DATE) THEN
	IF(NEW.heure < CURRENT_TIME) THEN
    	SIGNAL SQLSTATE '45000'
        SET MESSAGE_TEXT = 'L''heure de départ ne peut pas être inférieure à l''heure actuelle si le départ a lieu aujourd''hui';
    END IF;
    IF (OLD.heure < CURRENT_TIME) THEN
    	SIGNAL SQLSTATE '45000'
        SET MESSAGE_TEXT = 'L''heure de départ ne peut pas être inférieure à l''heure actuelle si le départ a lieu aujourd''hui';
    END IF;
END IF;
END
$$
DELIMITER ;

-- --------------------------------------------------------

--
-- Structure de la table `type`
--

CREATE TABLE `type` (
  `idType` int(11) NOT NULL,
  `libelleType` varchar(255) DEFAULT NULL,
  `lettre` char(1) DEFAULT NULL
) ENGINE=InnoDB DEFAULT CHARSET=utf8mb4;

--
-- Déchargement des données de la table `type`
--

INSERT INTO `type` (`idType`, `libelleType`, `lettre`) VALUES
(1, 'Adulte', 'P'),
(2, 'Enfant', 'P'),
(3, 'Senior', 'P'),
(4, 'Voiture', 'V'),
(5, 'Moto', 'V'),
(6, 'Camion', 'V'),
(7, 'Camping-car', 'V');

--
-- Index pour les tables déchargées
--

--
-- Index pour la table `admin`
--
ALTER TABLE `admin`
  ADD PRIMARY KEY (`idAdmin`);

--
-- Index pour la table `bateau`
--
ALTER TABLE `bateau`
  ADD PRIMARY KEY (`idBat`);

--
-- Index pour la table `categorie`
--
ALTER TABLE `categorie`
  ADD PRIMARY KEY (`lettre`);

--
-- Index pour la table `contenir`
--
ALTER TABLE `contenir`
  ADD PRIMARY KEY (`lettre`,`idBat`);

--
-- Index pour la table `enregistrer`
--
ALTER TABLE `enregistrer`
  ADD PRIMARY KEY (`idType`,`numRes`),
  ADD KEY `FK_Enregistrer_numRes` (`numRes`);

--
-- Index pour la table `liaison`
--
ALTER TABLE `liaison`
  ADD PRIMARY KEY (`code`),
  ADD KEY `FK_Liaison_idSecteur` (`idSecteur`),
  ADD KEY `FK_Liaison_idPort_Depart` (`idPort_Depart`),
  ADD KEY `FK_Liaison_idPort_Arrivee` (`idPort_Arrivee`);

--
-- Index pour la table `periode`
--
ALTER TABLE `periode`
  ADD PRIMARY KEY (`dateDeb`);

--
-- Index pour la table `port`
--
ALTER TABLE `port`
  ADD PRIMARY KEY (`idPort`);

--
-- Index pour la table `reservation`
--
ALTER TABLE `reservation`
  ADD PRIMARY KEY (`numRes`),
  ADD KEY `FK_Reservation_numTra` (`numTra`);

--
-- Index pour la table `secteur`
--
ALTER TABLE `secteur`
  ADD PRIMARY KEY (`idSecteur`);

--
-- Index pour la table `tarifer`
--
ALTER TABLE `tarifer`
  ADD PRIMARY KEY (`dateDeb`,`idType`,`code`),
  ADD KEY `FK_Tarifer_idType` (`idType`),
  ADD KEY `FK_Tarifer_code` (`code`);

--
-- Index pour la table `traversee`
--
ALTER TABLE `traversee`
  ADD PRIMARY KEY (`numTra`),
  ADD KEY `FK_Traversee_idBat` (`idBat`),
  ADD KEY `FK_Traversee_code` (`code`);

--
-- Index pour la table `type`
--
ALTER TABLE `type`
  ADD PRIMARY KEY (`idType`),
  ADD KEY `FK_Type_lettre` (`lettre`);

--
-- AUTO_INCREMENT pour les tables déchargées
--

--
-- AUTO_INCREMENT pour la table `admin`
--
ALTER TABLE `admin`
  MODIFY `idAdmin` int(11) NOT NULL AUTO_INCREMENT;

--
-- AUTO_INCREMENT pour la table `bateau`
--
ALTER TABLE `bateau`
  MODIFY `idBat` int(11) NOT NULL AUTO_INCREMENT, AUTO_INCREMENT=21;

--
-- AUTO_INCREMENT pour la table `liaison`
--
ALTER TABLE `liaison`
  MODIFY `code` int(11) NOT NULL AUTO_INCREMENT, AUTO_INCREMENT=127;

--
-- AUTO_INCREMENT pour la table `port`
--
ALTER TABLE `port`
  MODIFY `idPort` int(11) NOT NULL AUTO_INCREMENT, AUTO_INCREMENT=41;

--
-- AUTO_INCREMENT pour la table `secteur`
--
ALTER TABLE `secteur`
  MODIFY `idSecteur` int(11) NOT NULL AUTO_INCREMENT, AUTO_INCREMENT=11;

--
-- AUTO_INCREMENT pour la table `traversee`
--
ALTER TABLE `traversee`
  MODIFY `numTra` int(11) NOT NULL AUTO_INCREMENT, AUTO_INCREMENT=51;

--
-- AUTO_INCREMENT pour la table `type`
--
ALTER TABLE `type`
  MODIFY `idType` int(11) NOT NULL AUTO_INCREMENT, AUTO_INCREMENT=8;

--
-- Contraintes pour les tables déchargées
--

--
-- Contraintes pour la table `enregistrer`
--
ALTER TABLE `enregistrer`
  ADD CONSTRAINT `FK_Enregistrer_idType` FOREIGN KEY (`idType`) REFERENCES `type` (`idType`),
  ADD CONSTRAINT `FK_Enregistrer_numRes` FOREIGN KEY (`numRes`) REFERENCES `reservation` (`numRes`);

--
-- Contraintes pour la table `liaison`
--
ALTER TABLE `liaison`
  ADD CONSTRAINT `FK_Liaison_idPort_Arrivee` FOREIGN KEY (`idPort_Arrivee`) REFERENCES `port` (`idPort`),
  ADD CONSTRAINT `FK_Liaison_idPort_Depart` FOREIGN KEY (`idPort_Depart`) REFERENCES `port` (`idPort`),
  ADD CONSTRAINT `FK_Liaison_idSecteur` FOREIGN KEY (`idSecteur`) REFERENCES `secteur` (`idSecteur`);

--
-- Contraintes pour la table `reservation`
--
ALTER TABLE `reservation`
  ADD CONSTRAINT `FK_Reservation_numTra` FOREIGN KEY (`numTra`) REFERENCES `traversee` (`numTra`);

--
-- Contraintes pour la table `tarifer`
--
ALTER TABLE `tarifer`
  ADD CONSTRAINT `FK_Tarifer_code` FOREIGN KEY (`code`) REFERENCES `liaison` (`code`),
  ADD CONSTRAINT `FK_Tarifer_dateDeb` FOREIGN KEY (`dateDeb`) REFERENCES `periode` (`dateDeb`),
  ADD CONSTRAINT `FK_Tarifer_idType` FOREIGN KEY (`idType`) REFERENCES `type` (`idType`);

--
-- Contraintes pour la table `traversee`
--
ALTER TABLE `traversee`
  ADD CONSTRAINT `FK_Traversee_code` FOREIGN KEY (`code`) REFERENCES `liaison` (`code`),
  ADD CONSTRAINT `FK_Traversee_idBat` FOREIGN KEY (`idBat`) REFERENCES `bateau` (`idBat`);

--
-- Contraintes pour la table `type`
--
ALTER TABLE `type`
  ADD CONSTRAINT `FK_Type_lettre` FOREIGN KEY (`lettre`) REFERENCES `categorie` (`lettre`);

DELIMITER $$
--
-- Évènements
--
CREATE DEFINER=`root`@`localhost` EVENT `NettoyerTraversees` ON SCHEDULE EVERY 30 MINUTE STARTS '2024-11-28 08:53:56' ON COMPLETION PRESERVE ENABLE DO BEGIN
    -- Suppression des réservations associées aux traversées passées
    DELETE FROM `enregistrer`
    WHERE `numRes` IN (SELECT `numRes` FROM `reservation` WHERE `numTra` IN (SELECT `numTra` FROM `traversee` WHERE `date` < CURRENT_DATE));

    -- Suppression des réservations
    DELETE FROM `reservation`
    WHERE `numTra` IN (SELECT `numTra` FROM `traversee` WHERE `date` < CURRENT_DATE);

    -- Suppression des traversées passées
    DELETE FROM `traversee`
    WHERE `date` < CURRENT_DATE;
END$$

CREATE DEFINER=`root`@`localhost` EVENT `CreerTraversees` ON SCHEDULE EVERY 1 HOUR STARTS '2024-11-28 08:58:02' ON COMPLETION PRESERVE ENABLE DO BEGIN
    -- Insertion d'une nouvelle traversée avec des valeurs aléatoires
    INSERT INTO `traversee` (`date`, `heure`, `idBat`, `code`)
    VALUES (
        DATE_ADD(CURRENT_DATE, INTERVAL FLOOR(RAND() * 30) DAY), -- Date aléatoire dans les 30 prochains jours
        ADDTIME(CURRENT_TIME, SEC_TO_TIME(FLOOR(RAND() * 86400))), -- Heure aléatoire dans la journée
        FLOOR(1 + RAND() * 40), -- idBat aléatoire entre 1 et 40
        FLOOR(1 + RAND() * 126) -- code aléatoire entre 1 et 126
    );
END$$

DELIMITER ;
COMMIT;

/*!40101 SET CHARACTER_SET_CLIENT=@OLD_CHARACTER_SET_CLIENT */;
/*!40101 SET CHARACTER_SET_RESULTS=@OLD_CHARACTER_SET_RESULTS */;
/*!40101 SET COLLATION_CONNECTION=@OLD_COLLATION_CONNECTION */;
